format,round,context,batch,query_tokens,processed_tokens_per_call,stage,p50_ms,p95_ms,tokens_per_second_p50,kv_cache_bytes,kv_cache_mib,runtime_peak_allocated_bytes,runtime_peak_increment_bytes,output_relative_l2_vs_bf16,output_max_abs_vs_bf16,compression_vs_bf16,bf16_cache_writer,quantized_cache_writer
bf16,1,1024,1,1,1,cache_write,0.058699,0.0993,17036.1147938406,4194304,4.0,469915648,0,0.0,0.0,1.0,triton_standalone,
bf16,1,1024,1,1,1,attention,0.0940995,0.323399,10627.348475792962,4194304,4.0,469923840,8192,0.0,0.0,1.0,triton_standalone,
bf16,1,1024,1,1,1,full_call,0.1739995,0.203499,5747.173399880596,4194304,4.0,469923840,8192,0.0,0.0,1.0,triton_standalone,
int8,1,1024,1,1,1,cache_write,0.06675,0.108999,14981.28181418273,2162688,2.0625,39935488,0,0.009357345290482044,0.001953125,1.9393939393939394,triton_standalone,fused_triton
int8,1,1024,1,1,1,attention,0.1017995,0.1311,9823.230959131664,2162688,2.0625,39943680,8192,0.009357345290482044,0.001953125,1.9393939393939394,triton_standalone,fused_triton
int8,1,1024,1,1,1,full_call,0.1737995,0.345999,5753.764065014093,2162688,2.0625,39943680,8192,0.009357345290482044,0.001953125,1.9393939393939394,triton_standalone,fused_triton
fp8_e4m3,1,1024,1,1,1,cache_write,0.06655,0.115799,15026.30449998871,2162688,2.0625,39935488,0,0.0374004989862442,0.006656646728515625,1.9393939393939394,triton_standalone,fused_triton
fp8_e4m3,1,1024,1,1,1,attention,0.16894949999999997,0.2316,5918.941345563032,2162688,2.0625,39943680,8192,0.0374004989862442,0.006656646728515625,1.9393939393939394,triton_standalone,fused_triton
fp8_e4m3,1,1024,1,1,1,full_call,0.153,0.198599,6535.9477124183,2162688,2.0625,39943680,8192,0.0374004989862442,0.006656646728515625,1.9393939393939394,triton_standalone,fused_triton
fp8_e5m2,1,1024,1,1,1,cache_write,0.0756,0.115399,13227.883538633818,2162688,2.0625,39935488,0,0.07311905175447464,0.0146484375,1.9393939393939394,triton_standalone,fused_triton
fp8_e5m2,1,1024,1,1,1,attention,0.0968995,0.1155,10319.97069155801,2162688,2.0625,39943680,8192,0.07311905175447464,0.0146484375,1.9393939393939394,triton_standalone,fused_triton
fp8_e5m2,1,1024,1,1,1,full_call,0.1531,0.201,6531.678641410842,2162688,2.0625,39943680,8192,0.07311905175447464,0.0146484375,1.9393939393939394,triton_standalone,fused_triton
int4,1,1024,1,1,1,cache_write,0.07155,0.1111,13976.793248945149,1114112,1.0625,38886912,0,0.1630929410457611,0.03759765625,3.764705882352941,triton_standalone,fused_triton
int4,1,1024,1,1,1,attention,0.14385,0.1889,6951.686623669466,1114112,1.0625,38895104,8192,0.1630929410457611,0.03759765625,3.764705882352941,triton_standalone,fused_triton
int4,1,1024,1,1,1,full_call,0.20855,0.2684,4795.026691663805,1114112,1.0625,38895104,8192,0.1630929410457611,0.03759765625,3.764705882352941,triton_standalone,fused_triton
bf16,1,1024,1,16,16,cache_write,0.0601,0.095401,266222.9617304492,4194304,4.0,470038016,0,0.0,0.0,1.0,triton_standalone,
bf16,1,1024,1,16,16,attention,0.1355,0.1757,118081.18081180811,4194304,4.0,470169088,131072,0.0,0.0,1.0,triton_standalone,
bf16,1,1024,1,16,16,full_call,0.1899,0.2313,84254.8943486218,4194304,4.0,470169088,131072,0.0,0.0,1.0,triton_standalone,
int8,1,1024,1,16,16,cache_write,0.1432,0.2159,111731.843575419,2162688,2.0625,40058368,0,0.00953400693833828,0.0029296875,1.9393939393939394,triton_standalone,fused_triton
int8,1,1024,1,16,16,attention,0.15525,0.193,103059.59201014333,2162688,2.0625,40189440,131072,0.00953400693833828,0.0029296875,1.9393939393939394,triton_standalone,fused_triton
int8,1,1024,1,16,16,full_call,0.2156,0.2749,74211.50278293135,2162688,2.0625,40189440,131072,0.00953400693833828,0.0029296875,1.9393939393939394,triton_standalone,fused_triton
fp8_e4m3,1,1024,1,16,16,cache_write,0.10475000000000001,0.1434,152744.66487310163,2162688,2.0625,40058368,0,0.03665683791041374,0.0166015625,1.9393939393939394,triton_standalone,fused_triton
fp8_e4m3,1,1024,1,16,16,attention,0.19345,0.2309,82708.71578632336,2162688,2.0625,40189440,131072,0.03665683791041374,0.0166015625,1.9393939393939394,triton_standalone,fused_triton
fp8_e4m3,1,1024,1,16,16,full_call,0.2939,0.3534,54440.285811500515,2162688,2.0625,40189440,131072,0.03665683791041374,0.0166015625,1.9393939393939394,triton_standalone,fused_triton
fp8_e5m2,1,1024,1,16,16,cache_write,0.1073,0.1511,149114.63187325257,2162688,2.0625,40058368,0,0.07427363097667694,0.03857421875,1.9393939393939394,triton_standalone,fused_triton
fp8_e5m2,1,1024,1,16,16,attention,0.19250050000000002,0.225,83116.6672299965,2162688,2.0625,40189440,131072,0.07427363097667694,0.03857421875,1.9393939393939394,triton_standalone,fused_triton
fp8_e5m2,1,1024,1,16,16,full_call,0.2902,0.3362,55134.448996894294,2162688,2.0625,40189440,131072,0.07427363097667694,0.03857421875,1.9393939393939394,triton_standalone,fused_triton
int4,1,1024,1,16,16,cache_write,0.10675000000000001,0.1915,149882.93686312914,1114112,1.0625,39009792,0,0.1649763286113739,0.05126953125,3.764705882352941,triton_standalone,fused_triton
int4,1,1024,1,16,16,attention,0.23145,0.3571,69129.430634239,1114112,1.0625,39140864,131072,0.1649763286113739,0.05126953125,3.764705882352941,triton_standalone,fused_triton
int4,1,1024,1,16,16,full_call,0.3304505,0.4175,48418.75064198453,1114112,1.0625,39140864,131072,0.1649763286113739,0.05126953125,3.764705882352941,triton_standalone,fused_triton
bf16,1,1024,4,1,4,cache_write,0.1606,0.4322,24906.841665920318,16777216,16.0,495147520,16896,0.0,0.0,1.0,triton_standalone,
bf16,1,1024,4,1,4,attention,0.0916,0.1347,43668.12227074236,16777216,16.0,495163392,32768,0.0,0.0,1.0,triton_standalone,
bf16,1,1024,4,1,4,full_call,0.22115,0.2993,18087.34597334703,16777216,16.0,495163392,32768,0.0,0.0,1.0,triton_standalone,
int8,1,1024,4,1,4,cache_write,0.161,0.2094,24844.72049689441,8650752,8.25,59072512,16896,0.009614087641239166,0.00244140625,1.9393939393939394,triton_standalone,fused_triton
int8,1,1024,4,1,4,attention,0.1336,0.1625,29940.119760479043,8650752,8.25,59088384,32768,0.009614087641239166,0.00244140625,1.9393939393939394,triton_standalone,fused_triton
int8,1,1024,4,1,4,full_call,0.26145050000000003,0.3189,15299.26815158873,8650752,8.25,59088384,32768,0.009614087641239166,0.00244140625,1.9393939393939394,triton_standalone,fused_triton
fp8_e4m3,1,1024,4,1,4,cache_write,0.1685505,0.2135,23731.7785880061,8650752,8.25,59072512,16896,0.03750041499733925,0.00927734375,1.9393939393939394,triton_standalone,fused_triton
fp8_e4m3,1,1024,4,1,4,attention,0.1315,0.1848,30418.250950570342,8650752,8.25,59088384,32768,0.03750041499733925,0.00927734375,1.9393939393939394,triton_standalone,fused_triton
fp8_e4m3,1,1024,4,1,4,full_call,0.2835,0.372201,14109.39133031404,8650752,8.25,59088384,32768,0.03750041499733925,0.00927734375,1.9393939393939394,triton_standalone,fused_triton
fp8_e5m2,1,1024,4,1,4,cache_write,0.1674,0.23,23894.862604540023,8650752,8.25,59072512,16896,0.07343658059835434,0.02105712890625,1.9393939393939394,triton_standalone,fused_triton
fp8_e5m2,1,1024,4,1,4,attention,0.1287,0.1708,31080.031080031076,8650752,8.25,59088384,32768,0.07343658059835434,0.02105712890625,1.9393939393939394,triton_standalone,fused_triton
fp8_e5m2,1,1024,4,1,4,full_call,0.27349999999999997,0.3075,14625.230474381515,8650752,8.25,59088384,32768,0.07343658059835434,0.02105712890625,1.9393939393939394,triton_standalone,fused_triton
int4,1,1024,4,1,4,cache_write,0.1784505,0.4662,22415.321782269082,4456448,4.25,54878208,16896,0.16349820792675018,0.03857421875,3.764705882352941,triton_standalone,fused_triton
int4,1,1024,4,1,4,attention,0.27749999999999997,0.3734,14414.416286264594,4456448,4.25,54894080,32768,0.16349820792675018,0.03857421875,3.764705882352941,triton_standalone,fused_triton
int4,1,1024,4,1,4,full_call,0.425851,0.5217,9392.95785681027,4456448,4.25,54894080,32768,0.16349820792675018,0.03857421875,3.764705882352941,triton_standalone,fused_triton
bf16,1,1024,4,16,64,cache_write,0.0557505,0.0929,1147972.672060674,16777216,16.0,495884288,0,0.0,0.0,1.0,triton_standalone,
bf16,1,1024,4,16,64,attention,0.1684,0.2422,380047.5059382423,16777216,16.0,496408576,524288,0.0,0.0,1.0,triton_standalone,
bf16,1,1024,4,16,64,full_call,0.2115,0.2277,302600.4728132388,16777216,16.0,496408576,524288,0.0,0.0,1.0,triton_standalone,
int8,1,1024,4,16,64,cache_write,0.0671,0.0899,953800.2980625931,8650752,8.25,59809792,0,0.00968857016414404,0.0029296875,1.9393939393939394,triton_standalone,fused_triton
int8,1,1024,4,16,64,attention,0.28185,0.33,227071.20144411968,8650752,8.25,60334080,524288,0.00968857016414404,0.0029296875,1.9393939393939394,triton_standalone,fused_triton
int8,1,1024,4,16,64,full_call,0.34009999999999996,0.4067,188180.01215029537,8650752,8.25,60334080,524288,0.00968857016414404,0.0029296875,1.9393939393939394,triton_standalone,fused_triton
fp8_e4m3,1,1024,4,16,64,cache_write,0.0668,0.1127,958083.8323353294,8650752,8.25,59809792,0,0.03688168525695801,0.01953125,1.9393939393939394,triton_standalone,fused_triton
fp8_e4m3,1,1024,4,16,64,attention,0.28405,0.3368,225312.45197336783,8650752,8.25,60334080,524288,0.03688168525695801,0.01953125,1.9393939393939394,triton_standalone,fused_triton
fp8_e4m3,1,1024,4,16,64,full_call,0.34335,0.3944,186398.7224616466,8650752,8.25,60334080,524288,0.03688168525695801,0.01953125,1.9393939393939394,triton_standalone,fused_triton
fp8_e5m2,1,1024,4,16,64,cache_write,0.0672,0.0988,952380.9523809524,8650752,8.25,59809792,0,0.07343228161334991,0.0322265625,1.9393939393939394,triton_standalone,fused_triton
fp8_e5m2,1,1024,4,16,64,attention,0.283,0.3145,226148.40989399294,8650752,8.25,60334080,524288,0.07343228161334991,0.0322265625,1.9393939393939394,triton_standalone,fused_triton
fp8_e5m2,1,1024,4,16,64,full_call,0.3565005,0.4022,179523.3992320219,8650752,8.25,60334080,524288,0.07343228161334991,0.0322265625,1.9393939393939394,triton_standalone,fused_triton
int4,1,1024,4,16,64,cache_write,0.0749,0.1161,854486.3384861103,4456448,4.25,55615488,0,0.16727419197559357,0.0625,3.764705882352941,triton_standalone,fused_triton
int4,1,1024,4,16,64,attention,0.53285,0.595301,120108.85816212569,4456448,4.25,56139776,524288,0.16727419197559357,0.0625,3.764705882352941,triton_standalone,fused_triton
int4,1,1024,4,16,64,full_call,0.59065,0.621801,108355.2026726944,4456448,4.25,56139776,524288,0.16727419197559357,0.0625,3.764705882352941,triton_standalone,fused_triton
bf16,1,4096,1,1,1,cache_write,0.06459999999999999,0.2304,15480.469686077164,16777216,16.0,495106048,0,0.0,0.0,1.0,triton_standalone,
bf16,1,4096,1,1,1,attention,0.0895,0.1307,11173.1843575419,16777216,16.0,495114240,8192,0.0,0.0,1.0,triton_standalone,
bf16,1,4096,1,1,1,full_call,0.1459,0.2035,6854.009595613434,16777216,16.0,495114240,8192,0.0,0.0,1.0,triton_standalone,
int8,1,4096,1,1,1,cache_write,0.10345,0.2141,9666.507816369056,8650752,8.25,59031040,0,0.009680965915322304,0.0009765625,1.9393939393939394,triton_standalone,fused_triton
int8,1,4096,1,1,1,attention,0.2103,0.2439,4755.111745126011,8650752,8.25,59039232,8192,0.009680965915322304,0.0009765625,1.9393939393939394,triton_standalone,fused_triton
int8,1,4096,1,1,1,full_call,0.3071,0.3402,3256.2683165092803,8650752,8.25,59039232,8192,0.009680965915322304,0.0009765625,1.9393939393939394,triton_standalone,fused_triton
fp8_e4m3,1,4096,1,1,1,cache_write,0.07345,0.1126,13614.710189252812,8650752,8.25,59031040,0,0.0373210646212101,0.003662109375,1.9393939393939394,triton_standalone,fused_triton
fp8_e4m3,1,4096,1,1,1,attention,0.1633,0.201,6123.6987140232695,8650752,8.25,59039232,8192,0.0373210646212101,0.003662109375,1.9393939393939394,triton_standalone,fused_triton
fp8_e4m3,1,4096,1,1,1,full_call,0.221,0.244201,4524.886877828054,8650752,8.25,59039232,8192,0.0373210646212101,0.003662109375,1.9393939393939394,triton_standalone,fused_triton
fp8_e5m2,1,4096,1,1,1,cache_write,0.0652,0.1034,15337.423312883437,8650752,8.25,59031040,0,0.07351378351449966,0.0072021484375,1.9393939393939394,triton_standalone,fused_triton
fp8_e5m2,1,4096,1,1,1,attention,0.1641,0.2051,6093.845216331505,8650752,8.25,59039232,8192,0.07351378351449966,0.0072021484375,1.9393939393939394,triton_standalone,fused_triton
fp8_e5m2,1,4096,1,1,1,full_call,0.2217,0.279,4510.599909788002,8650752,8.25,59039232,8192,0.07351378351449966,0.0072021484375,1.9393939393939394,triton_standalone,fused_triton
int4,1,4096,1,1,1,cache_write,0.067,0.1139,14925.373134328358,4456448,4.25,54836736,0,0.1644083708524704,0.017578125,3.764705882352941,triton_standalone,fused_triton
int4,1,4096,1,1,1,attention,0.3748,0.4066,2668.0896478121663,4456448,4.25,54844928,8192,0.1644083708524704,0.017578125,3.764705882352941,triton_standalone,fused_triton
int4,1,4096,1,1,1,full_call,0.47435,0.5314,2108.14801541208,4456448,4.25,54844928,8192,0.1644083708524704,0.017578125,3.764705882352941,triton_standalone,fused_triton
bf16,1,4096,1,16,16,cache_write,0.0872,0.104,183486.2385321101,16777216,16.0,495228416,0,0.0,0.0,1.0,triton_standalone,
bf16,1,4096,1,16,16,attention,0.1523,0.2419,105056.2185279713,16777216,16.0,495359488,131072,0.0,0.0,1.0,triton_standalone,
bf16,1,4096,1,16,16,full_call,0.2106,0.2915,75974.02597402598,16777216,16.0,495359488,131072,0.0,0.0,1.0,triton_standalone,
int8,1,4096,1,16,16,cache_write,0.1014,0.1214,157790.92702169626,8650752,8.25,59153920,0,0.009658979251980782,0.001220703125,1.9393939393939394,triton_standalone,fused_triton
int8,1,4096,1,16,16,attention,0.3913005,0.4659,40889.301595483055,8650752,8.25,59284992,131072,0.009658979251980782,0.001220703125,1.9393939393939394,triton_standalone,fused_triton
int8,1,4096,1,16,16,full_call,0.43945049999999997,0.4797,36409.1068345735,8650752,8.25,59284992,131072,0.009658979251980782,0.001220703125,1.9393939393939394,triton_standalone,fused_triton
fp8_e4m3,1,4096,1,16,16,cache_write,0.06735,0.1183,237565.09010101366,8650752,8.25,59153920,0,0.0372280552983284,0.0048828125,1.9393939393939394,triton_standalone,fused_triton
fp8_e4m3,1,4096,1,16,16,attention,0.3834505,0.4283,41726.39434284305,8650752,8.25,59284992,131072,0.0372280552983284,0.0048828125,1.9393939393939394,triton_standalone,fused_triton
fp8_e4m3,1,4096,1,16,16,full_call,0.43574999999999997,0.4678,36718.34093769542,8650752,8.25,59284992,131072,0.0372280552983284,0.0048828125,1.9393939393939394,triton_standalone,fused_triton
fp8_e5m2,1,4096,1,16,16,cache_write,0.1045005,0.1319,153109.31526993928,8650752,8.25,59153920,0,0.07340193539857864,0.010498046875,1.9393939393939394,triton_standalone,fused_triton
fp8_e5m2,1,4096,1,16,16,attention,0.3826,0.438,41819.27223836603,8650752,8.25,59284992,131072,0.07340193539857864,0.010498046875,1.9393939393939394,triton_standalone,fused_triton
fp8_e5m2,1,4096,1,16,16,full_call,0.5113,0.596101,31292.78788988082,8650752,8.25,59284992,131072,0.07340193539857864,0.010498046875,1.9393939393939394,triton_standalone,fused_triton
int4,1,4096,1,16,16,cache_write,0.10495,0.1786,152453.86073604928,4456448,4.25,54959616,0,0.16748163104057312,0.02374267578125,3.764705882352941,triton_standalone,fused_triton
int4,1,4096,1,16,16,attention,0.56385,0.6547,28376.352159161215,4456448,4.25,55090688,131072,0.16748163104057312,0.02374267578125,3.764705882352941,triton_standalone,fused_triton
int4,1,4096,1,16,16,full_call,0.659101,0.7287,24275.49040283659,4456448,4.25,55090688,131072,0.16748163104057312,0.02374267578125,3.764705882352941,triton_standalone,fused_triton
bf16,1,4096,4,1,4,cache_write,0.14739999999999998,0.2053,27137.241906234754,67108864,64.0,595909120,16896,0.0,0.0,1.0,triton_standalone,
bf16,1,4096,4,1,4,attention,0.2392,0.2944,16722.408026755853,67108864,64.0,595924992,32768,0.0,0.0,1.0,triton_standalone,
bf16,1,4096,4,1,4,full_call,0.3764005,0.4185,10626.997234137776,67108864,64.0,595924992,32768,0.0,0.0,1.0,triton_standalone,
int8,1,4096,4,1,4,cache_write,0.1565,0.1775,25559.147173734014,34603008,33.0,135454720,16896,0.00980632659047842,0.0009765625,1.9393939393939394,triton_standalone,fused_triton
int8,1,4096,4,1,4,attention,0.30925,0.4026,12934.519335694797,34603008,33.0,135470592,32768,0.00980632659047842,0.0009765625,1.9393939393939394,triton_standalone,fused_triton
int8,1,4096,4,1,4,full_call,0.44865,0.519501,8915.636792874644,34603008,33.0,135470592,32768,0.00980632659047842,0.0009765625,1.9393939393939394,triton_standalone,fused_triton
fp8_e4m3,1,4096,4,1,4,cache_write,0.1528,0.2063,26178.010471204187,34603008,33.0,135454720,16896,0.037510547786951065,0.0042724609375,1.9393939393939394,triton_standalone,fused_triton
fp8_e4m3,1,4096,4,1,4,attention,0.2837005,0.3259,14099.375926416855,34603008,33.0,135470592,32768,0.037510547786951065,0.0042724609375,1.9393939393939394,triton_standalone,fused_triton
fp8_e4m3,1,4096,4,1,4,full_call,0.42184999999999995,0.4852,9482.046710515373,34603008,33.0,135470592,32768,0.037510547786951065,0.0042724609375,1.9393939393939394,triton_standalone,fused_triton
fp8_e5m2,1,4096,4,1,4,cache_write,0.16785,0.235601,23831.057184598765,34603008,33.0,135454720,16896,0.07417460530996323,0.008544921875,1.9393939393939394,triton_standalone,fused_triton
fp8_e5m2,1,4096,4,1,4,attention,0.28925,0.3247,13828.868174670675,34603008,33.0,135470592,32768,0.07417460530996323,0.008544921875,1.9393939393939394,triton_standalone,fused_triton
fp8_e5m2,1,4096,4,1,4,full_call,0.42355,0.4757,9443.988652051507,34603008,33.0,135470592,32768,0.07417460530996323,0.008544921875,1.9393939393939394,triton_standalone,fused_triton
int4,1,4096,4,1,4,cache_write,0.1502,0.1995,26631.34732986169,17825792,17.0,118677504,16896,0.16948552429676056,0.02362060546875,3.764705882352941,triton_standalone,fused_triton
int4,1,4096,4,1,4,attention,0.88335,1.007,4528.21646325405,17825792,17.0,118693376,32768,0.16948552429676056,0.02362060546875,3.764705882352941,triton_standalone,fused_triton
int4,1,4096,4,1,4,full_call,1.0013,1.088501,3994.8067512234093,17825792,17.0,118693376,32768,0.16948552429676056,0.02362060546875,3.764705882352941,triton_standalone,fused_triton
bf16,1,4096,4,16,64,cache_write,0.05935,0.1061,1078367.9124223532,67108864,64.0,596645888,0,0.0,0.0,1.0,triton_standalone,
bf16,1,4096,4,16,64,attention,0.29535,0.3427,216692.11615974028,67108864,64.0,597170176,524288,0.0,0.0,1.0,triton_standalone,
bf16,1,4096,4,16,64,full_call,0.3599,0.407,177827.18794391945,67108864,64.0,597170176,524288,0.0,0.0,1.0,triton_standalone,
int8,1,4096,4,16,64,cache_write,0.06715,0.1153,953090.6252217728,34603008,33.0,136192000,0,0.009775874204933643,0.0015869140625,1.9393939393939394,triton_standalone,fused_triton
int8,1,4096,4,16,64,attention,0.9184505000000001,1.0011,69682.58138949034,34603008,33.0,136716288,524288,0.009775874204933643,0.0015869140625,1.9393939393939394,triton_standalone,fused_triton
int8,1,4096,4,16,64,full_call,0.9763005,1.0655,65553.58997806866,34603008,33.0,136716288,524288,0.009775874204933643,0.0015869140625,1.9393939393939394,triton_standalone,fused_triton
fp8_e4m3,1,4096,4,16,64,cache_write,0.0681,0.112,939794.4199706316,34603008,33.0,136192000,0,0.037290673702955246,0.007568359375,1.9393939393939394,triton_standalone,fused_triton
fp8_e4m3,1,4096,4,16,64,attention,0.9060005,1.0254,70640.1384678205,34603008,33.0,136716288,524288,0.037290673702955246,0.007568359375,1.9393939393939394,triton_standalone,fused_triton
fp8_e4m3,1,4096,4,16,64,full_call,0.9651,1.0342,66314.3715677132,34603008,33.0,136716288,524288,0.037290673702955246,0.007568359375,1.9393939393939394,triton_standalone,fused_triton
fp8_e5m2,1,4096,4,16,64,cache_write,0.0699,0.0978,915593.705293276,34603008,33.0,136192000,0,0.07400690019130707,0.01361083984375,1.9393939393939394,triton_standalone,fused_triton
fp8_e5m2,1,4096,4,16,64,attention,0.9250005,1.0191,69189.15904315027,34603008,33.0,136716288,524288,0.07400690019130707,0.01361083984375,1.9393939393939394,triton_standalone,fused_triton
fp8_e5m2,1,4096,4,16,64,full_call,0.9769005,1.0993,65513.327784254114,34603008,33.0,136716288,524288,0.07400690019130707,0.01361083984375,1.9393939393939394,triton_standalone,fused_triton
int4,1,4096,4,16,64,cache_write,0.06835,0.114,936357.4871781699,17825792,17.0,119414784,0,0.16767080128192902,0.0237274169921875,3.764705882352941,triton_standalone,fused_triton
int4,1,4096,4,16,64,attention,1.9000005,2.085901,33684.202037152645,17825792,17.0,119939072,524288,0.16767080128192902,0.0237274169921875,3.764705882352941,triton_standalone,fused_triton
int4,1,4096,4,16,64,full_call,1.9895,2.218901,32168.88665493843,17825792,17.0,119939072,524288,0.16767080128192902,0.0237274169921875,3.764705882352941,triton_standalone,fused_triton
bf16,2,1024,1,1,1,cache_write,0.08835000000000001,0.1124,11318.622753570458,4194304,4.0,469915648,0,0.0,0.0,1.0,triton_standalone,
bf16,2,1024,1,1,1,attention,0.1229,0.1682,8136.696501220504,4194304,4.0,469923840,8192,0.0,0.0,1.0,triton_standalone,
bf16,2,1024,1,1,1,full_call,0.22039999999999998,0.2702,4537.250850065475,4194304,4.0,469923840,8192,0.0,0.0,1.0,triton_standalone,
int8,2,1024,1,1,1,cache_write,0.1074,0.1547,9310.98696461825,2162688,2.0625,39935488,0,0.009357345290482044,0.001953125,1.9393939393939394,triton_standalone,fused_triton
int8,2,1024,1,1,1,attention,0.13545000000000001,0.1786,7382.799086484218,2162688,2.0625,39943680,8192,0.009357345290482044,0.001953125,1.9393939393939394,triton_standalone,fused_triton
int8,2,1024,1,1,1,full_call,0.2338,0.2597,4277.163095656246,2162688,2.0625,39943680,8192,0.009357345290482044,0.001953125,1.9393939393939394,triton_standalone,fused_triton
fp8_e4m3,2,1024,1,1,1,cache_write,0.1037,0.1446,9643.201542912248,2162688,2.0625,39935488,0,0.0374004989862442,0.006656646728515625,1.9393939393939394,triton_standalone,fused_triton
fp8_e4m3,2,1024,1,1,1,attention,0.1592,0.1901,6281.407035175878,2162688,2.0625,39943680,8192,0.0374004989862442,0.006656646728515625,1.9393939393939394,triton_standalone,fused_triton
fp8_e4m3,2,1024,1,1,1,full_call,0.1654,0.2917,6045.949214026603,2162688,2.0625,39943680,8192,0.0374004989862442,0.006656646728515625,1.9393939393939394,triton_standalone,fused_triton
fp8_e5m2,2,1024,1,1,1,cache_write,0.0726,0.1217,13774.522824725838,2162688,2.0625,39935488,0,0.07311905175447464,0.0146484375,1.9393939393939394,triton_standalone,fused_triton
fp8_e5m2,2,1024,1,1,1,attention,0.0977005,0.1295,10235.36215296944,2162688,2.0625,39943680,8192,0.07311905175447464,0.0146484375,1.9393939393939394,triton_standalone,fused_triton
fp8_e5m2,2,1024,1,1,1,full_call,0.1552,0.1834,6443.298969072165,2162688,2.0625,39943680,8192,0.07311905175447464,0.0146484375,1.9393939393939394,triton_standalone,fused_triton
int4,2,1024,1,1,1,cache_write,0.066,0.0801,15151.51515151515,1114112,1.0625,38886912,0,0.1630929410457611,0.03759765625,3.764705882352941,triton_standalone,fused_triton
int4,2,1024,1,1,1,attention,0.142,0.1923,7042.253521126761,1114112,1.0625,38895104,8192,0.1630929410457611,0.03759765625,3.764705882352941,triton_standalone,fused_triton
int4,2,1024,1,1,1,full_call,0.2001,0.2421,4997.501249375312,1114112,1.0625,38895104,8192,0.1630929410457611,0.03759765625,3.764705882352941,triton_standalone,fused_triton
bf16,2,1024,1,16,16,cache_write,0.054599999999999996,0.1579,293044.2249892658,4194304,4.0,470038016,0,0.0,0.0,1.0,triton_standalone,
bf16,2,1024,1,16,16,attention,0.12935,0.1655,123695.41855981143,4194304,4.0,470169088,131072,0.0,0.0,1.0,triton_standalone,
bf16,2,1024,1,16,16,full_call,0.1834,0.2399,87241.02920867951,4194304,4.0,470169088,131072,0.0,0.0,1.0,triton_standalone,
int8,2,1024,1,16,16,cache_write,0.0669,0.0809,239162.92974588939,2162688,2.0625,40058368,0,0.00953400693833828,0.0029296875,1.9393939393939394,triton_standalone,fused_triton
int8,2,1024,1,16,16,attention,0.1549,0.1891,103292.44673983216,2162688,2.0625,40189440,131072,0.00953400693833828,0.0029296875,1.9393939393939394,triton_standalone,fused_triton
int8,2,1024,1,16,16,full_call,0.21484999999999999,0.2823,74470.75848562838,2162688,2.0625,40189440,131072,0.00953400693833828,0.0029296875,1.9393939393939394,triton_standalone,fused_triton
fp8_e4m3,2,1024,1,16,16,cache_write,0.0649,0.0802,246533.12788906007,2162688,2.0625,40058368,0,0.03665683791041374,0.0166015625,1.9393939393939394,triton_standalone,fused_triton
fp8_e4m3,2,1024,1,16,16,attention,0.15405,0.1941,103862.39328484624,2162688,2.0625,40189440,131072,0.03665683791041374,0.0166015625,1.9393939393939394,triton_standalone,fused_triton
fp8_e4m3,2,1024,1,16,16,full_call,0.2118,0.285,75543.03242144309,2162688,2.0625,40189440,131072,0.03665683791041374,0.0166015625,1.9393939393939394,triton_standalone,fused_triton
fp8_e5m2,2,1024,1,16,16,cache_write,0.0649,0.0807,246533.12788906007,2162688,2.0625,40058368,0,0.07427363097667694,0.03857421875,1.9393939393939394,triton_standalone,fused_triton
fp8_e5m2,2,1024,1,16,16,attention,0.153,0.2004,104575.1633986928,2162688,2.0625,40189440,131072,0.07427363097667694,0.03857421875,1.9393939393939394,triton_standalone,fused_triton
fp8_e5m2,2,1024,1,16,16,full_call,0.21060050000000002,0.2722,75973.22893388281,2162688,2.0625,40189440,131072,0.07427363097667694,0.03857421875,1.9393939393939394,triton_standalone,fused_triton
int4,2,1024,1,16,16,cache_write,0.0693,0.1122,230880.23088023087,1114112,1.0625,39009792,0,0.1649763286113739,0.05126953125,3.764705882352941,triton_standalone,fused_triton
int4,2,1024,1,16,16,attention,0.19075,0.2154,83879.4290922003,1114112,1.0625,39140864,131072,0.1649763286113739,0.05126953125,3.764705882352941,triton_standalone,fused_triton
int4,2,1024,1,16,16,full_call,0.2492,0.2809,64205.457463884435,1114112,1.0625,39140864,131072,0.1649763286113739,0.05126953125,3.764705882352941,triton_standalone,fused_triton
bf16,2,1024,4,1,4,cache_write,0.14125,0.1641,28318.871495477,16777216,16.0,495147520,16896,0.0,0.0,1.0,triton_standalone,
bf16,2,1024,4,1,4,attention,0.0885,0.104,45197.740112994354,16777216,16.0,495163392,32768,0.0,0.0,1.0,triton_standalone,
bf16,2,1024,4,1,4,full_call,0.21675,0.2504,18454.441581794683,16777216,16.0,495163392,32768,0.0,0.0,1.0,triton_standalone,
int8,2,1024,4,1,4,cache_write,0.15465,0.2039,25864.923718126687,8650752,8.25,59072512,16896,0.009614087641239166,0.00244140625,1.9393939393939394,triton_standalone,fused_triton
int8,2,1024,4,1,4,attention,0.13455,0.1468,29728.72948623762,8650752,8.25,59088384,32768,0.009614087641239166,0.00244140625,1.9393939393939394,triton_standalone,fused_triton
int8,2,1024,4,1,4,full_call,0.2661,0.3577,15031.961984557922,8650752,8.25,59088384,32768,0.009614087641239166,0.00244140625,1.9393939393939394,triton_standalone,fused_triton
fp8_e4m3,2,1024,4,1,4,cache_write,0.1499005,0.1785,26684.367297270546,8650752,8.25,59072512,16896,0.03750041499733925,0.00927734375,1.9393939393939394,triton_standalone,fused_triton
fp8_e4m3,2,1024,4,1,4,attention,0.12935,0.1677,30923.854639952857,8650752,8.25,59088384,32768,0.03750041499733925,0.00927734375,1.9393939393939394,triton_standalone,fused_triton
fp8_e4m3,2,1024,4,1,4,full_call,0.2542,0.2896,15735.641227380016,8650752,8.25,59088384,32768,0.03750041499733925,0.00927734375,1.9393939393939394,triton_standalone,fused_triton
fp8_e5m2,2,1024,4,1,4,cache_write,0.14934999999999998,0.1727,26782.96829172723,8650752,8.25,59072512,16896,0.07343658059835434,0.02105712890625,1.9393939393939394,triton_standalone,fused_triton
fp8_e5m2,2,1024,4,1,4,attention,0.1313,0.1714,30464.584920030466,8650752,8.25,59088384,32768,0.07343658059835434,0.02105712890625,1.9393939393939394,triton_standalone,fused_triton
fp8_e5m2,2,1024,4,1,4,full_call,0.2623005,0.3067,15249.6872373887,8650752,8.25,59088384,32768,0.07343658059835434,0.02105712890625,1.9393939393939394,triton_standalone,fused_triton
int4,2,1024,4,1,4,cache_write,0.15475,0.1764,25848.14486319274,4456448,4.25,54878208,16896,0.16349820792675018,0.03857421875,3.764705882352941,triton_standalone,fused_triton
int4,2,1024,4,1,4,attention,0.27405,0.2986,14595.877150701564,4456448,4.25,54894080,32768,0.16349820792675018,0.03857421875,3.764705882352941,triton_standalone,fused_triton
int4,2,1024,4,1,4,full_call,0.42035,0.4873,9515.918534591558,4456448,4.25,54894080,32768,0.16349820792675018,0.03857421875,3.764705882352941,triton_standalone,fused_triton
bf16,2,1024,4,16,64,cache_write,0.05385,0.0646,1188487.5612969082,16777216,16.0,495884288,0,0.0,0.0,1.0,triton_standalone,
bf16,2,1024,4,16,64,attention,0.1591,0.1953,402262.7278441232,16777216,16.0,496408576,524288,0.0,0.0,1.0,triton_standalone,
bf16,2,1024,4,16,64,full_call,0.21465,0.2647,298159.81119323394,16777216,16.0,496408576,524288,0.0,0.0,1.0,triton_standalone,
int8,2,1024,4,16,64,cache_write,0.0661,0.0869,968229.9546142208,8650752,8.25,59809792,0,0.00968857016414404,0.0029296875,1.9393939393939394,triton_standalone,fused_triton
int8,2,1024,4,16,64,attention,0.2823,0.3195,226709.28842781542,8650752,8.25,60334080,524288,0.00968857016414404,0.0029296875,1.9393939393939394,triton_standalone,fused_triton
int8,2,1024,4,16,64,full_call,0.3454,0.4394,185292.43012326368,8650752,8.25,60334080,524288,0.00968857016414404,0.0029296875,1.9393939393939394,triton_standalone,fused_triton
fp8_e4m3,2,1024,4,16,64,cache_write,0.0683,0.0901,937042.4597364569,8650752,8.25,59809792,0,0.03688168525695801,0.01953125,1.9393939393939394,triton_standalone,fused_triton
fp8_e4m3,2,1024,4,16,64,attention,0.29115,0.3383,219817.96973208856,8650752,8.25,60334080,524288,0.03688168525695801,0.01953125,1.9393939393939394,triton_standalone,fused_triton
fp8_e4m3,2,1024,4,16,64,full_call,0.3463,0.394,184810.85763788622,8650752,8.25,60334080,524288,0.03688168525695801,0.01953125,1.9393939393939394,triton_standalone,fused_triton
fp8_e5m2,2,1024,4,16,64,cache_write,0.0682,0.0804,938416.4222873901,8650752,8.25,59809792,0,0.07343228161334991,0.0322265625,1.9393939393939394,triton_standalone,fused_triton
fp8_e5m2,2,1024,4,16,64,attention,0.28545,0.3201,224207.39871652162,8650752,8.25,60334080,524288,0.07343228161334991,0.0322265625,1.9393939393939394,triton_standalone,fused_triton
fp8_e5m2,2,1024,4,16,64,full_call,0.3486,0.3789,183591.64486194955,8650752,8.25,60334080,524288,0.07343228161334991,0.0322265625,1.9393939393939394,triton_standalone,fused_triton
int4,2,1024,4,16,64,cache_write,0.0678,0.114,943961.0163592065,4456448,4.25,55615488,0,0.16727419197559357,0.0625,3.764705882352941,triton_standalone,fused_triton
int4,2,1024,4,16,64,attention,0.5448,0.5923,117474.40144479173,4456448,4.25,56139776,524288,0.16727419197559357,0.0625,3.764705882352941,triton_standalone,fused_triton
int4,2,1024,4,16,64,full_call,0.5904005,0.6278,108401.02010329578,4456448,4.25,56139776,524288,0.16727419197559357,0.0625,3.764705882352941,triton_standalone,fused_triton
bf16,2,4096,1,1,1,cache_write,0.0538,0.0623,18587.36059479554,16777216,16.0,495106048,0,0.0,0.0,1.0,triton_standalone,
bf16,2,4096,1,1,1,attention,0.0877,0.1117,11402.508551881414,16777216,16.0,495114240,8192,0.0,0.0,1.0,triton_standalone,
bf16,2,4096,1,1,1,full_call,0.1468,0.2064,6811.989100817438,16777216,16.0,495114240,8192,0.0,0.0,1.0,triton_standalone,
int8,2,4096,1,1,1,cache_write,0.065,0.0957,15384.615384615383,8650752,8.25,59031040,0,0.009680965915322304,0.0009765625,1.9393939393939394,triton_standalone,fused_triton
int8,2,4096,1,1,1,attention,0.1735,0.2177,5763.688760806916,8650752,8.25,59039232,8192,0.009680965915322304,0.0009765625,1.9393939393939394,triton_standalone,fused_triton
int8,2,4096,1,1,1,full_call,0.23145,0.3017,4320.587801549775,8650752,8.25,59039232,8192,0.009680965915322304,0.0009765625,1.9393939393939394,triton_standalone,fused_triton
fp8_e4m3,2,4096,1,1,1,cache_write,0.06615,0.0997,15117.16661105804,8650752,8.25,59031040,0,0.0373210646212101,0.003662109375,1.9393939393939394,triton_standalone,fused_triton
fp8_e4m3,2,4096,1,1,1,attention,0.16435,0.2035,6084.576164010705,8650752,8.25,59039232,8192,0.0373210646212101,0.003662109375,1.9393939393939394,triton_standalone,fused_triton
fp8_e4m3,2,4096,1,1,1,full_call,0.22455,0.2646,4453.353133946866,8650752,8.25,59039232,8192,0.0373210646212101,0.003662109375,1.9393939393939394,triton_standalone,fused_triton
fp8_e5m2,2,4096,1,1,1,cache_write,0.07285,0.1101,13726.89416065271,8650752,8.25,59031040,0,0.07351378351449966,0.0072021484375,1.9393939393939394,triton_standalone,fused_triton
fp8_e5m2,2,4096,1,1,1,attention,0.16465,0.196,6073.503221741703,8650752,8.25,59039232,8192,0.07351378351449966,0.0072021484375,1.9393939393939394,triton_standalone,fused_triton
fp8_e5m2,2,4096,1,1,1,full_call,0.2227,0.2907,4490.346662021064,8650752,8.25,59039232,8192,0.07351378351449966,0.0072021484375,1.9393939393939394,triton_standalone,fused_triton
int4,2,4096,1,1,1,cache_write,0.06705,0.1108,14914.251395778188,4456448,4.25,54836736,0,0.1644083708524704,0.017578125,3.764705882352941,triton_standalone,fused_triton
int4,2,4096,1,1,1,attention,0.34135000000000004,0.3908,2929.545021532821,4456448,4.25,54844928,8192,0.1644083708524704,0.017578125,3.764705882352941,triton_standalone,fused_triton
int4,2,4096,1,1,1,full_call,0.4045,0.4621,2472.187886279357,4456448,4.25,54844928,8192,0.1644083708524704,0.017578125,3.764705882352941,triton_standalone,fused_triton
bf16,2,4096,1,16,16,cache_write,0.0537,0.0748,297951.582867784,16777216,16.0,495228416,0,0.0,0.0,1.0,triton_standalone,
bf16,2,4096,1,16,16,attention,0.14895,0.1849,107418.60894884635,16777216,16.0,495359488,131072,0.0,0.0,1.0,triton_standalone,
bf16,2,4096,1,16,16,full_call,0.20750000000000002,0.2469,77108.45164371064,16777216,16.0,495359488,131072,0.0,0.0,1.0,triton_standalone,
int8,2,4096,1,16,16,cache_write,0.0678,0.086,235988.2005899705,8650752,8.25,59153920,0,0.009658979251980782,0.001220703125,1.9393939393939394,triton_standalone,fused_triton
int8,2,4096,1,16,16,attention,0.3786,0.4325,42260.964385216896,8650752,8.25,59284992,131072,0.009658979251980782,0.001220703125,1.9393939393939394,triton_standalone,fused_triton
int8,2,4096,1,16,16,full_call,0.4592,0.5209,34843.48483220974,8650752,8.25,59284992,131072,0.009658979251980782,0.001220703125,1.9393939393939394,triton_standalone,fused_triton
fp8_e4m3,2,4096,1,16,16,cache_write,0.0663,0.082,241327.30015082957,8650752,8.25,59153920,0,0.0372280552983284,0.0048828125,1.9393939393939394,triton_standalone,fused_triton
fp8_e4m3,2,4096,1,16,16,attention,0.37815,0.4384,42311.25288833883,8650752,8.25,59284992,131072,0.0372280552983284,0.0048828125,1.9393939393939394,triton_standalone,fused_triton
fp8_e4m3,2,4096,1,16,16,full_call,0.46645000000000003,0.5901,34301.64044129949,8650752,8.25,59284992,131072,0.0372280552983284,0.0048828125,1.9393939393939394,triton_standalone,fused_triton
fp8_e5m2,2,4096,1,16,16,cache_write,0.0652,0.0753,245398.773006135,8650752,8.25,59153920,0,0.07340193539857864,0.010498046875,1.9393939393939394,triton_standalone,fused_triton
fp8_e5m2,2,4096,1,16,16,attention,0.37430050000000004,0.4092,42746.4029570587,8650752,8.25,59284992,131072,0.07340193539857864,0.010498046875,1.9393939393939394,triton_standalone,fused_triton
fp8_e5m2,2,4096,1,16,16,full_call,0.4422,0.5052,36182.72274988693,8650752,8.25,59284992,131072,0.07340193539857864,0.010498046875,1.9393939393939394,triton_standalone,fused_triton
int4,2,4096,1,16,16,cache_write,0.10364999999999999,0.1558,154365.6895633752,4456448,4.25,54959616,0,0.16748163104057312,0.02374267578125,3.764705882352941,triton_standalone,fused_triton
int4,2,4096,1,16,16,attention,0.5640004999999999,0.6355,28368.76917664537,4456448,4.25,55090688,131072,0.16748163104057312,0.02374267578125,3.764705882352941,triton_standalone,fused_triton
int4,2,4096,1,16,16,full_call,0.6111500000000001,0.7635,26180.166366036337,4456448,4.25,55090688,131072,0.16748163104057312,0.02374267578125,3.764705882352941,triton_standalone,fused_triton
bf16,2,4096,4,1,4,cache_write,0.16194999999999998,0.2023,24699.379045867336,67108864,64.0,595909120,16896,0.0,0.0,1.0,triton_standalone,
bf16,2,4096,4,1,4,attention,0.24085,0.2923,16607.853649538774,67108864,64.0,595924992,32768,0.0,0.0,1.0,triton_standalone,
bf16,2,4096,4,1,4,full_call,0.37715,0.4595,10605.859923910022,67108864,64.0,595924992,32768,0.0,0.0,1.0,triton_standalone,
int8,2,4096,4,1,4,cache_write,0.156,0.1774,25641.03617728311,34603008,33.0,135454720,16896,0.00980632659047842,0.0009765625,1.9393939393939394,triton_standalone,fused_triton
int8,2,4096,4,1,4,attention,0.30675050000000004,0.3437,13039.922172089984,34603008,33.0,135470592,32768,0.00980632659047842,0.0009765625,1.9393939393939394,triton_standalone,fused_triton
int8,2,4096,4,1,4,full_call,0.44235,0.513,9042.613430780006,34603008,33.0,135470592,32768,0.00980632659047842,0.0009765625,1.9393939393939394,triton_standalone,fused_triton
fp8_e4m3,2,4096,4,1,4,cache_write,0.15675,0.2002,25518.46853373403,34603008,33.0,135454720,16896,0.037510547786951065,0.0042724609375,1.9393939393939394,triton_standalone,fused_triton
fp8_e4m3,2,4096,4,1,4,attention,0.28475,0.3446,14047.535181737367,34603008,33.0,135470592,32768,0.037510547786951065,0.0042724609375,1.9393939393939394,triton_standalone,fused_triton
fp8_e4m3,2,4096,4,1,4,full_call,0.42100000000000004,0.4591,9501.189792698031,34603008,33.0,135470592,32768,0.037510547786951065,0.0042724609375,1.9393939393939394,triton_standalone,fused_triton
fp8_e5m2,2,4096,4,1,4,cache_write,0.15505,0.1826,25798.132318379405,34603008,33.0,135454720,16896,0.07417460530996323,0.008544921875,1.9393939393939394,triton_standalone,fused_triton
fp8_e5m2,2,4096,4,1,4,attention,0.28495,0.3146,14037.550879656144,34603008,33.0,135470592,32768,0.07417460530996323,0.008544921875,1.9393939393939394,triton_standalone,fused_triton
fp8_e5m2,2,4096,4,1,4,full_call,0.43525,0.5265,9190.120741611601,34603008,33.0,135470592,32768,0.07417460530996323,0.008544921875,1.9393939393939394,triton_standalone,fused_triton
int4,2,4096,4,1,4,cache_write,0.2669,0.2966,14986.888578182818,17825792,17.0,118677504,16896,0.16948552429676056,0.02362060546875,3.764705882352941,triton_standalone,fused_triton
int4,2,4096,4,1,4,attention,0.8914,0.9612,4487.323368117766,17825792,17.0,118693376,32768,0.16948552429676056,0.02362060546875,3.764705882352941,triton_standalone,fused_triton
int4,2,4096,4,1,4,full_call,1.1216,1.2606,3566.333922242665,17825792,17.0,118693376,32768,0.16948552429676056,0.02362060546875,3.764705882352941,triton_standalone,fused_triton
bf16,2,4096,4,16,64,cache_write,0.0628505,0.1249,1018295.2717365287,67108864,64.0,596645888,0,0.0,0.0,1.0,triton_standalone,
bf16,2,4096,4,16,64,attention,0.29285,0.3271,218541.92202713768,67108864,64.0,597170176,524288,0.0,0.0,1.0,triton_standalone,
bf16,2,4096,4,16,64,full_call,0.3635,0.4647,176066.2379593027,67108864,64.0,597170176,524288,0.0,0.0,1.0,triton_standalone,
int8,2,4096,4,16,64,cache_write,0.0682,0.1008,938416.4222873901,34603008,33.0,136192000,0,0.009775874204933643,0.0015869140625,1.9393939393939394,triton_standalone,fused_triton
int8,2,4096,4,16,64,attention,0.9046000000000001,0.9986,70749.50600092055,34603008,33.0,136716288,524288,0.009775874204933643,0.0015869140625,1.9393939393939394,triton_standalone,fused_triton
int8,2,4096,4,16,64,full_call,0.96925,1.0992,66030.46560015203,34603008,33.0,136716288,524288,0.009775874204933643,0.0015869140625,1.9393939393939394,triton_standalone,fused_triton
fp8_e4m3,2,4096,4,16,64,cache_write,0.07,0.1264,914285.7142857142,34603008,33.0,136192000,0,0.037290673702955246,0.007568359375,1.9393939393939394,triton_standalone,fused_triton
fp8_e4m3,2,4096,4,16,64,attention,0.90725,0.985701,70542.85462624642,34603008,33.0,136716288,524288,0.037290673702955246,0.007568359375,1.9393939393939394,triton_standalone,fused_triton
fp8_e4m3,2,4096,4,16,64,full_call,0.9818005000000001,1.0897,65186.359812736126,34603008,33.0,136716288,524288,0.037290673702955246,0.007568359375,1.9393939393939394,triton_standalone,fused_triton
fp8_e5m2,2,4096,4,16,64,cache_write,0.0679,0.0939,942562.5920471281,34603008,33.0,136192000,0,0.07400690019130707,0.01361083984375,1.9393939393939394,triton_standalone,fused_triton
fp8_e5m2,2,4096,4,16,64,attention,0.9099005,0.9648,70337.36190419906,34603008,33.0,136716288,524288,0.07400690019130707,0.01361083984375,1.9393939393939394,triton_standalone,fused_triton
fp8_e5m2,2,4096,4,16,64,full_call,0.9849005,1.1519,64981.237579210145,34603008,33.0,136716288,524288,0.07400690019130707,0.01361083984375,1.9393939393939394,triton_standalone,fused_triton
int4,2,4096,4,16,64,cache_write,0.0700855,0.116276,913172.1824677172,17825792,17.0,119414784,0,0.16767080128192902,0.0237274169921875,3.764705882352941,triton_standalone,fused_triton
int4,2,4096,4,16,64,attention,1.903811,2.086973,33616.782338162775,17825792,17.0,119939072,524288,0.16767080128192902,0.0237274169921875,3.764705882352941,triton_standalone,fused_triton
int4,2,4096,4,16,64,full_call,1.939154,2.112869,33004.09483142707,17825792,17.0,119939072,524288,0.16767080128192902,0.0237274169921875,3.764705882352941,triton_standalone,fused_triton
bf16,3,1024,1,1,1,cache_write,0.053839,0.09978,18573.912265732986,4194304,4.0,469915648,0,0.0,0.0,1.0,triton_standalone,
bf16,3,1024,1,1,1,attention,0.173015,0.236452,5779.846160833148,4194304,4.0,469923840,8192,0.0,0.0,1.0,triton_standalone,
bf16,3,1024,1,1,1,full_call,0.164016,0.379122,6096.993913476577,4194304,4.0,469923840,8192,0.0,0.0,1.0,triton_standalone,
int8,3,1024,1,1,1,cache_write,0.0661365,0.114276,15120.252208399408,2162688,2.0625,39935488,0,0.009357345290482044,0.001953125,1.9393939393939394,triton_standalone,fused_triton
int8,3,1024,1,1,1,attention,0.10062950000000001,0.114276,9937.446195887687,2162688,2.0625,39943680,8192,0.009357345290482044,0.001953125,1.9393939393939394,triton_standalone,fused_triton
int8,3,1024,1,1,1,full_call,0.15916750000000002,0.219455,6282.689619488074,2162688,2.0625,39943680,8192,0.009357345290482044,0.001953125,1.9393939393939394,triton_standalone,fused_triton
fp8_e4m3,3,1024,1,1,1,cache_write,0.0670865,0.117975,14906.128655624429,2162688,2.0625,39935488,0,0.0374004989862442,0.006656646728515625,1.9393939393939394,triton_standalone,fused_triton
fp8_e4m3,3,1024,1,1,1,attention,0.0988295,0.136672,10118.438835200053,2162688,2.0625,39943680,8192,0.0374004989862442,0.006656646728515625,1.9393939393939394,triton_standalone,fused_triton
fp8_e4m3,3,1024,1,1,1,full_call,0.156518,0.189161,6389.057816016223,2162688,2.0625,39943680,8192,0.0374004989862442,0.006656646728515625,1.9393939393939394,triton_standalone,fused_triton
fp8_e5m2,3,1024,1,1,1,cache_write,0.065836,0.111577,15189.266917556368,2162688,2.0625,39935488,0,0.07311905175447464,0.0146484375,1.9393939393939394,triton_standalone,fused_triton
fp8_e5m2,3,1024,1,1,1,attention,0.09958,0.128574,10042.17714400482,2162688,2.0625,39943680,8192,0.07311905175447464,0.0146484375,1.9393939393939394,triton_standalone,fused_triton
fp8_e5m2,3,1024,1,1,1,full_call,0.155168,0.197159,6444.627758300681,2162688,2.0625,39943680,8192,0.07311905175447464,0.0146484375,1.9393939393939394,triton_standalone,fused_triton
int4,3,1024,1,1,1,cache_write,0.067086,0.115276,14906.23975196017,1114112,1.0625,38886912,0,0.1630929410457611,0.03759765625,3.764705882352941,triton_standalone,fused_triton
int4,3,1024,1,1,1,attention,0.142771,0.159368,7004.223546798719,1114112,1.0625,38895104,8192,0.1630929410457611,0.03759765625,3.764705882352941,triton_standalone,fused_triton
int4,3,1024,1,1,1,full_call,0.203209,0.269645,4921.042180915396,1114112,1.0625,38895104,8192,0.1630929410457611,0.03759765625,3.764705882352941,triton_standalone,fused_triton
bf16,3,1024,1,16,16,cache_write,0.0563385,0.102279,284003.19150152314,4194304,4.0,470038016,0,0.0,0.0,1.0,triton_standalone,
bf16,3,1024,1,16,16,attention,0.129474,0.168766,123576.93436520074,4194304,4.0,470169088,131072,0.0,0.0,1.0,triton_standalone,
bf16,3,1024,1,16,16,full_call,0.18271300000000001,0.214556,87569.03558136208,4194304,4.0,470169088,131072,0.0,0.0,1.0,triton_standalone,
int8,3,1024,1,16,16,cache_write,0.066986,0.119476,238855.88033320397,2162688,2.0625,40058368,0,0.00953400693833828,0.0029296875,1.9393939393939394,triton_standalone,fused_triton
int8,3,1024,1,16,16,attention,0.152169,0.178064,105146.25186470307,2162688,2.0625,40189440,131072,0.00953400693833828,0.0029296875,1.9393939393939394,triton_standalone,fused_triton
int8,3,1024,1,16,16,full_call,0.2113565,0.251249,75701.4806740722,2162688,2.0625,40189440,131072,0.00953400693833828,0.0029296875,1.9393939393939394,triton_standalone,fused_triton
fp8_e4m3,3,1024,1,16,16,cache_write,0.0659865,0.128473,242473.83935984859,2162688,2.0625,40058368,0,0.03665683791041374,0.0166015625,1.9393939393939394,triton_standalone,fused_triton
fp8_e4m3,3,1024,1,16,16,attention,0.15376849999999997,0.202958,104052.52051082745,2162688,2.0625,40189440,131072,0.03665683791041374,0.0166015625,1.9393939393939394,triton_standalone,fused_triton
fp8_e4m3,3,1024,1,16,16,full_call,0.211557,0.252849,75629.7526194424,2162688,2.0625,40189440,131072,0.03665683791041374,0.0166015625,1.9393939393939394,triton_standalone,fused_triton
fp8_e5m2,3,1024,1,16,16,cache_write,0.066086,0.09788,242108.76736373815,2162688,2.0625,40058368,0,0.07427363097667694,0.03857421875,1.9393939393939394,triton_standalone,fused_triton
fp8_e5m2,3,1024,1,16,16,attention,0.169066,0.214656,94637.59715140832,2162688,2.0625,40189440,131072,0.07427363097667694,0.03857421875,1.9393939393939394,triton_standalone,fused_triton
fp8_e5m2,3,1024,1,16,16,full_call,0.2123565,0.272145,75344.99768120449,2162688,2.0625,40189440,131072,0.07427363097667694,0.03857421875,1.9393939393939394,triton_standalone,fused_triton
int4,3,1024,1,16,16,cache_write,0.066086,0.109678,242108.76736373815,1114112,1.0625,39009792,0,0.1649763286113739,0.05126953125,3.764705882352941,triton_standalone,fused_triton
int4,3,1024,1,16,16,attention,0.189611,0.224054,84383.29586671868,1114112,1.0625,39140864,131072,0.1649763286113739,0.05126953125,3.764705882352941,triton_standalone,fused_triton
int4,3,1024,1,16,16,full_call,0.249149,0.326333,64218.60011479075,1114112,1.0625,39140864,131072,0.1649763286113739,0.05126953125,3.764705882352941,triton_standalone,fused_triton
bf16,3,1024,4,1,4,cache_write,0.1530185,0.202458,26141.636603324732,16777216,16.0,495147520,16896,0.0,0.0,1.0,triton_standalone,
bf16,3,1024,4,1,4,attention,0.089582,0.126375,44651.82737603536,16777216,16.0,495163392,32768,0.0,0.0,1.0,triton_standalone,
bf16,3,1024,4,1,4,full_call,0.218505,0.267745,18306.21820758566,16777216,16.0,495163392,32768,0.0,0.0,1.0,triton_standalone,
int8,3,1024,4,1,4,cache_write,0.14697,0.177864,27216.552130343116,8650752,8.25,59072512,16896,0.009614087641239166,0.00244140625,1.9393939393939394,triton_standalone,fused_triton
int8,3,1024,4,1,4,attention,0.13557249999999998,0.154368,29504.508658130573,8650752,8.25,59088384,32768,0.009614087641239166,0.00244140625,1.9393939393939394,triton_standalone,fused_triton
int8,3,1024,4,1,4,full_call,0.270145,0.336332,14806.86298099169,8650752,8.25,59088384,32768,0.009614087641239166,0.00244140625,1.9393939393939394,triton_standalone,fused_triton
fp8_e4m3,3,1024,4,1,4,cache_write,0.152719,0.175464,26191.897725624483,8650752,8.25,59072512,16896,0.03750041499733925,0.00927734375,1.9393939393939394,triton_standalone,fused_triton
fp8_e4m3,3,1024,4,1,4,attention,0.12947350000000002,0.167366,30894.35289893031,8650752,8.25,59088384,32768,0.03750041499733925,0.00927734375,1.9393939393939394,triton_standalone,fused_triton
fp8_e4m3,3,1024,4,1,4,full_call,0.26239650000000003,0.314536,15244.106313723581,8650752,8.25,59088384,32768,0.03750041499733925,0.00927734375,1.9393939393939394,triton_standalone,fused_triton
fp8_e5m2,3,1024,4,1,4,cache_write,0.14946900000000002,0.209257,26761.509837821108,8650752,8.25,59072512,16896,0.07343658059835434,0.02105712890625,1.9393939393939394,triton_standalone,fused_triton
fp8_e5m2,3,1024,4,1,4,attention,0.1295235,0.174264,30882.431251593847,8650752,8.25,59088384,32768,0.07343658059835434,0.02105712890625,1.9393939393939394,triton_standalone,fused_triton
fp8_e5m2,3,1024,4,1,4,full_call,0.25834749999999995,0.310137,15483.024195441758,8650752,8.25,59088384,32768,0.07343658059835434,0.02105712890625,1.9393939393939394,triton_standalone,fused_triton
int4,3,1024,4,1,4,cache_write,0.149919,0.183263,26681.077414636457,4456448,4.25,54878208,16896,0.16349820792675018,0.03857421875,3.764705882352941,triton_standalone,fused_triton
int4,3,1024,4,1,4,attention,0.274644,0.322234,14564.308705087313,4456448,4.25,54894080,32768,0.16349820792675018,0.03857421875,3.764705882352941,triton_standalone,fused_triton
int4,3,1024,4,1,4,full_call,0.412865,0.459806,9688.397075716392,4456448,4.25,54894080,32768,0.16349820792675018,0.03857421875,3.764705882352941,triton_standalone,fused_triton
bf16,3,1024,4,16,64,cache_write,0.056939000000000003,0.106878,1124010.7720812252,16777216,16.0,495884288,0,0.0,0.0,1.0,triton_standalone,
bf16,3,1024,4,16,64,attention,0.1582175,0.190861,404506.4943159092,16777216,16.0,496408576,524288,0.0,0.0,1.0,triton_standalone,
bf16,3,1024,4,16,64,full_call,0.297689,0.359027,214989.52346035198,16777216,16.0,496408576,524288,0.0,0.0,1.0,triton_standalone,
int8,3,1024,4,16,64,cache_write,0.1048785,0.151869,610230.481977965,8650752,8.25,59809792,0,0.00968857016414404,0.0029296875,1.9393939393939394,triton_standalone,fused_triton
int8,3,1024,4,16,64,attention,0.321334,0.358126,199169.7112661592,8650752,8.25,60334080,524288,0.00968857016414404,0.0029296875,1.9393939393939394,triton_standalone,fused_triton
int8,3,1024,4,16,64,full_call,0.35652700000000004,0.437111,179510.23825258564,8650752,8.25,60334080,524288,0.00968857016414404,0.0029296875,1.9393939393939394,triton_standalone,fused_triton
fp8_e4m3,3,1024,4,16,64,cache_write,0.067186,0.114877,952579.4064239576,8650752,8.25,59809792,0,0.03688168525695801,0.01953125,1.9393939393939394,triton_standalone,fused_triton
fp8_e4m3,3,1024,4,16,64,attention,0.284142,0.305138,225239.4929295915,8650752,8.25,60334080,524288,0.03688168525695801,0.01953125,1.9393939393939394,triton_standalone,fused_triton
fp8_e4m3,3,1024,4,16,64,full_call,0.347829,0.415015,183998.70234711375,8650752,8.25,60334080,524288,0.03688168525695801,0.01953125,1.9393939393939394,triton_standalone,fused_triton
fp8_e5m2,3,1024,4,16,64,cache_write,0.1110775,0.14827,576174.7550494174,8650752,8.25,59809792,0,0.07343228161334991,0.0322265625,1.9393939393939394,triton_standalone,fused_triton
fp8_e5m2,3,1024,4,16,64,attention,0.29119,0.379823,219788.08496893843,8650752,8.25,60334080,524288,0.07343228161334991,0.0322265625,1.9393939393939394,triton_standalone,fused_triton
fp8_e5m2,3,1024,4,16,64,full_call,0.4225135,0.480102,151474.4584990069,8650752,8.25,60334080,524288,0.07343228161334991,0.0322265625,1.9393939393939394,triton_standalone,fused_triton
int4,3,1024,4,16,64,cache_write,0.106978,0.165466,598262.2107505479,4456448,4.25,55615488,0,0.16727419197559357,0.0625,3.764705882352941,triton_standalone,fused_triton
int4,3,1024,4,16,64,attention,0.5644345,0.645368,113387.84660629055,4456448,4.25,56139776,524288,0.16727419197559357,0.0625,3.764705882352941,triton_standalone,fused_triton
int4,3,1024,4,16,64,full_call,0.6460680000000001,0.765544,99060.8179519876,4456448,4.25,56139776,524288,0.16727419197559357,0.0625,3.764705882352941,triton_standalone,fused_triton
bf16,3,4096,1,1,1,cache_write,0.052889,0.09998,18907.52330352247,16777216,16.0,495106048,0,0.0,0.0,1.0,triton_standalone,
bf16,3,4096,1,1,1,attention,0.0875325,0.102279,11424.331760147936,16777216,16.0,495114240,8192,0.0,0.0,1.0,triton_standalone,
bf16,3,4096,1,1,1,full_call,0.1450205,0.185962,6895.57763562325,16777216,16.0,495114240,8192,0.0,0.0,1.0,triton_standalone,
int8,3,4096,1,1,1,cache_write,0.0657865,0.095881,15200.687071933684,8650752,8.25,59031040,0,0.009680965915322304,0.0009765625,1.9393939393939394,triton_standalone,fused_triton
int8,3,4096,1,1,1,attention,0.171565,0.19316,5828.694663830036,8650752,8.25,59039232,8192,0.009680965915322304,0.0009765625,1.9393939393939394,triton_standalone,fused_triton
int8,3,4096,1,1,1,full_call,0.2296535,0.274144,4354.386064243481,8650752,8.25,59039232,8192,0.009680965915322304,0.0009765625,1.9393939393939394,triton_standalone,fused_triton
fp8_e4m3,3,4096,1,1,1,cache_write,0.065987,0.093881,15154.50012881325,8650752,8.25,59031040,0,0.0373210646212101,0.003662109375,1.9393939393939394,triton_standalone,fused_triton
fp8_e4m3,3,4096,1,1,1,attention,0.1647665,0.190661,6069.230571323537,8650752,8.25,59039232,8192,0.0373210646212101,0.003662109375,1.9393939393939394,triton_standalone,fused_triton
fp8_e4m3,3,4096,1,1,1,full_call,0.2224545,0.29544,4495.301286353173,8650752,8.25,59039232,8192,0.0373210646212101,0.003662109375,1.9393939393939394,triton_standalone,fused_triton
fp8_e5m2,3,4096,1,1,1,cache_write,0.065187,0.094781,15340.481997944376,8650752,8.25,59031040,0,0.07351378351449966,0.0072021484375,1.9393939393939394,triton_standalone,fused_triton
fp8_e5m2,3,4096,1,1,1,attention,0.1653665,0.224854,6047.209297808382,8650752,8.25,59039232,8192,0.07351378351449966,0.0072021484375,1.9393939393939394,triton_standalone,fused_triton
fp8_e5m2,3,4096,1,1,1,full_call,0.221455,0.29514,4515.590074733015,8650752,8.25,59039232,8192,0.07351378351449966,0.0072021484375,1.9393939393939394,triton_standalone,fused_triton
int4,3,4096,1,1,1,cache_write,0.10202900000000001,0.125774,9801.137325227872,4456448,4.25,54836736,0,0.1644083708524704,0.017578125,3.764705882352941,triton_standalone,fused_triton
int4,3,4096,1,1,1,attention,0.377923,0.434311,2646.0418392513,4456448,4.25,54844928,8192,0.1644083708524704,0.017578125,3.764705882352941,triton_standalone,fused_triton
int4,3,4096,1,1,1,full_call,0.473104,0.518694,2113.700158950252,4456448,4.25,54844928,8192,0.1644083708524704,0.017578125,3.764705882352941,triton_standalone,fused_triton
bf16,3,4096,1,16,16,cache_write,0.055789,0.108578,286794.8878811235,16777216,16.0,495228416,0,0.0,0.0,1.0,triton_standalone,
bf16,3,4096,1,16,16,attention,0.1484695,0.164666,107766.43808533912,16777216,16.0,495359488,131072,0.0,0.0,1.0,triton_standalone,
bf16,3,4096,1,16,16,full_call,0.206258,0.238151,77572.74869338401,16777216,16.0,495359488,131072,0.0,0.0,1.0,triton_standalone,
int8,3,4096,1,16,16,cache_write,0.0665365,0.111777,240476.1518160934,8650752,8.25,59153920,0,0.009658979251980782,0.001220703125,1.9393939393939394,triton_standalone,fused_triton
int8,3,4096,1,16,16,attention,0.376223,0.404517,42527.96878447092,8650752,8.25,59284992,131072,0.009658979251980782,0.001220703125,1.9393939393939394,triton_standalone,fused_triton
int8,3,4096,1,16,16,full_call,0.44900799999999996,0.53539,35634.11073659849,8650752,8.25,59284992,131072,0.009658979251980782,0.001220703125,1.9393939393939394,triton_standalone,fused_triton
fp8_e4m3,3,4096,1,16,16,cache_write,0.065986,0.087982,242475.67665868517,8650752,8.25,59153920,0,0.0372280552983284,0.0048828125,1.9393939393939394,triton_standalone,fused_triton
fp8_e4m3,3,4096,1,16,16,attention,0.379123,0.434311,42202.665396627286,8650752,8.25,59284992,131072,0.0372280552983284,0.0048828125,1.9393939393939394,triton_standalone,fused_triton
fp8_e4m3,3,4096,1,16,16,full_call,0.458356,0.522593,34907.41484294844,8650752,8.25,59284992,131072,0.0372280552983284,0.0048828125,1.9393939393939394,triton_standalone,fused_triton
fp8_e5m2,3,4096,1,16,16,cache_write,0.065637,0.089682,243768.48603712014,8650752,8.25,59153920,0,0.07340193539857864,0.010498046875,1.9393939393939394,triton_standalone,fused_triton
fp8_e5m2,3,4096,1,16,16,attention,0.39127,0.492699,40892.47900754068,8650752,8.25,59284992,131072,0.07340193539857864,0.010498046875,1.9393939393939394,triton_standalone,fused_triton
fp8_e5m2,3,4096,1,16,16,full_call,0.509796,0.546489,31385.10306083217,8650752,8.25,59284992,131072,0.07340193539857864,0.010498046875,1.9393939393939394,triton_standalone,fused_triton
int4,3,4096,1,16,16,cache_write,0.102679,0.120075,155825.43655469958,4456448,4.25,54959616,0,0.16748163104057312,0.02374267578125,3.764705882352941,triton_standalone,fused_triton
int4,3,4096,1,16,16,attention,0.580681,0.646467,27553.862224844717,4456448,4.25,55090688,131072,0.16748163104057312,0.02374267578125,3.764705882352941,triton_standalone,fused_triton
int4,3,4096,1,16,16,full_call,0.6110249999999999,0.763644,26185.512341460955,4456448,4.25,55090688,131072,0.16748163104057312,0.02374267578125,3.764705882352941,triton_standalone,fused_triton
bf16,3,4096,4,1,4,cache_write,0.2463995,0.279443,16233.799830894226,67108864,64.0,595909120,16896,0.0,0.0,1.0,triton_standalone,
bf16,3,4096,4,1,4,attention,0.279493,0.312136,14311.629014015376,67108864,64.0,595924992,32768,0.0,0.0,1.0,triton_standalone,
bf16,3,4096,4,1,4,full_call,0.38307199999999997,0.429412,10441.90143927464,67108864,64.0,595924992,32768,0.0,0.0,1.0,triton_standalone,
int8,3,4096,4,1,4,cache_write,0.254248,0.312936,15732.913848633041,34603008,33.0,135454720,16896,0.00980632659047842,0.0009765625,1.9393939393939394,triton_standalone,fused_triton
int8,3,4096,4,1,4,attention,0.322834,0.363125,12390.28770439219,34603008,33.0,135470592,32768,0.00980632659047842,0.0009765625,1.9393939393939394,triton_standalone,fused_triton
int8,3,4096,4,1,4,full_call,0.45810649999999997,0.507297,8731.594072567765,34603008,33.0,135470592,32768,0.00980632659047842,0.0009765625,1.9393939393939394,triton_standalone,fused_triton
fp8_e4m3,3,4096,4,1,4,cache_write,0.1586175,0.253248,25217.920805529422,34603008,33.0,135454720,16896,0.037510547786951065,0.0042724609375,1.9393939393939394,triton_standalone,fused_triton
fp8_e4m3,3,4096,4,1,4,attention,0.28434099999999995,0.320935,14067.622956165935,34603008,33.0,135470592,32768,0.037510547786951065,0.0042724609375,1.9393939393939394,triton_standalone,fused_triton
fp8_e4m3,3,4096,4,1,4,full_call,0.421414,0.462006,9491.853616633523,34603008,33.0,135470592,32768,0.037510547786951065,0.0042724609375,1.9393939393939394,triton_standalone,fused_triton
fp8_e5m2,3,4096,4,1,4,cache_write,0.157018,0.204158,25474.788913392113,34603008,33.0,135454720,16896,0.07417460530996323,0.008544921875,1.9393939393939394,triton_standalone,fused_triton
fp8_e5m2,3,4096,4,1,4,attention,0.2845415,0.308137,14057.703357901577,34603008,33.0,135470592,32768,0.07417460530996323,0.008544921875,1.9393939393939394,triton_standalone,fused_triton
fp8_e5m2,3,4096,4,1,4,full_call,0.425813,0.497298,9393.795446847489,34603008,33.0,135470592,32768,0.07417460530996323,0.008544921875,1.9393939393939394,triton_standalone,fused_triton
int4,3,4096,4,1,4,cache_write,0.1538685,0.204258,25996.234919148545,17825792,17.0,118677504,16896,0.16948552429676056,0.02362060546875,3.764705882352941,triton_standalone,fused_triton
int4,3,4096,4,1,4,attention,0.866723,0.934009,4615.0846348833475,17825792,17.0,118693376,32768,0.16948552429676056,0.02362060546875,3.764705882352941,triton_standalone,fused_triton
int4,3,4096,4,1,4,full_call,1.004845,1.07888,3980.7134532229343,17825792,17.0,118693376,32768,0.16948552429676056,0.02362060546875,3.764705882352941,triton_standalone,fused_triton
bf16,3,4096,4,16,64,cache_write,0.09073200000000001,0.117076,705384.5651027258,67108864,64.0,596645888,0,0.0,0.0,1.0,triton_standalone,
bf16,3,4096,4,16,64,attention,0.349129,0.374723,183313.39133205137,67108864,64.0,597170176,524288,0.0,0.0,1.0,triton_standalone,
bf16,3,4096,4,16,64,full_call,0.4340615,0.491,147444.54606620313,67108864,64.0,597170176,524288,0.0,0.0,1.0,triton_standalone,
int8,3,4096,4,16,64,cache_write,0.103229,0.160067,619980.9647938028,34603008,33.0,136192000,0,0.009775874204933643,0.0015869140625,1.9393939393939394,triton_standalone,fused_triton
int8,3,4096,4,16,64,attention,0.9273104999999999,1.03029,69016.79642365595,34603008,33.0,136716288,524288,0.009775874204933643,0.0015869140625,1.9393939393939394,triton_standalone,fused_triton
int8,3,4096,4,16,64,full_call,1.02799,1.132669,62257.41731193024,34603008,33.0,136716288,524288,0.009775874204933643,0.0015869140625,1.9393939393939394,triton_standalone,fused_triton
fp8_e4m3,3,4096,4,16,64,cache_write,0.102779,0.119176,622695.2976775412,34603008,33.0,136192000,0,0.037290673702955246,0.007568359375,1.9393939393939394,triton_standalone,fused_triton
fp8_e4m3,3,4096,4,16,64,attention,0.906615,0.992497,70592.27948566063,34603008,33.0,136716288,524288,0.037290673702955246,0.007568359375,1.9393939393939394,triton_standalone,fused_triton
fp8_e4m3,3,4096,4,16,64,full_call,0.964703,1.054284,66341.66448198064,34603008,33.0,136716288,524288,0.037290673702955246,0.007568359375,1.9393939393939394,triton_standalone,fused_triton
fp8_e5m2,3,4096,4,16,64,cache_write,0.066086,0.09368,968435.0694549526,34603008,33.0,136192000,0,0.07400690019130707,0.01361083984375,1.9393939393939394,triton_standalone,fused_triton
fp8_e5m2,3,4096,4,16,64,attention,0.9056150000000001,1.055984,70670.20840020978,34603008,33.0,136716288,524288,0.07400690019130707,0.01361083984375,1.9393939393939394,triton_standalone,fused_triton
fp8_e5m2,3,4096,4,16,64,full_call,0.9739009999999999,1.048186,65715.12329428384,34603008,33.0,136716288,524288,0.07400690019130707,0.01361083984375,1.9393939393939394,triton_standalone,fused_triton
int4,3,4096,4,16,64,cache_write,0.068136,0.118476,939298.3806519387,17825792,17.0,119414784,0,0.16767080128192902,0.0237274169921875,3.764705882352941,triton_standalone,fused_triton
int4,3,4096,4,16,64,attention,1.8946625,2.133264,33779.10316147833,17825792,17.0,119939072,524288,0.16767080128192902,0.0237274169921875,3.764705882352941,triton_standalone,fused_triton
int4,3,4096,4,16,64,full_call,1.9482545,2.149668,32849.91772959547,17825792,17.0,119939072,524288,0.16767080128192902,0.0237274169921875,3.764705882352941,triton_standalone,fused_triton
