format,context,batch,query_tokens,processed_tokens_per_call,stage,p50_ms,p95_ms,tokens_per_second_p50,kv_cache_bytes,kv_cache_mib,runtime_peak_allocated_bytes,runtime_peak_increment_bytes,output_relative_l2_vs_bf16,output_max_abs_vs_bf16,compression_vs_bf16
bf16,1024,1,1,1,cache_write,0.5724,0.669901,1747.0436992887298,4194304,4.0,41966592,3584,0.0,0.0,1.0
bf16,1024,1,1,1,attention,6.8242005,11.512701,146.5373304365873,4194304,4.0,43613696,1650688,0.0,0.0,1.0
bf16,1024,1,1,1,full_call,7.4679,9.6174,133.906515403784,4194304,4.0,43613696,1650688,0.0,0.0,1.0
int8,1024,1,1,1,cache_write,2.032,5.8984,492.12612846828097,2162688,2.0625,39950336,18944,0.009137218818068504,0.001953125,1.9393939393939394
int8,1024,1,1,1,attention,7.2617005,12.410001,137.70879242931034,2162688,2.0625,42106368,2174976,0.009137218818068504,0.001953125,1.9393939393939394
int8,1024,1,1,1,full_call,10.1362575,17.339401,98.65574354730319,2162688,2.0625,42106368,2174976,0.009137218818068504,0.001953125,1.9393939393939394
fp8_e4m3,1024,1,1,1,cache_write,2.0068015,2.343201,498.30628963558024,2162688,2.0625,39949312,17920,0.03738956153392792,0.006591796875,1.9393939393939394
fp8_e4m3,1024,1,1,1,attention,7.3722555,12.730909,135.64370094124604,2162688,2.0625,42106368,2174976,0.03738956153392792,0.006591796875,1.9393939393939394
fp8_e4m3,1024,1,1,1,full_call,10.249601,11.342701,97.56478300700604,2162688,2.0625,42106368,2174976,0.03738956153392792,0.006591796875,1.9393939393939394
fp8_e5m2,1024,1,1,1,cache_write,2.0063500000000003,2.4766,498.41752466969876,2162688,2.0625,39949312,17920,0.07312286645174026,0.0146484375,1.9393939393939394
fp8_e5m2,1024,1,1,1,attention,7.422451,13.041202,134.72639550196283,2162688,2.0625,42106368,2174976,0.07312286645174026,0.0146484375,1.9393939393939394
fp8_e5m2,1024,1,1,1,full_call,10.2874515,17.584102,97.20583286389046,2162688,2.0625,42106368,2174976,0.07312286645174026,0.0146484375,1.9393939393939394
int4,1024,1,1,1,cache_write,2.3146005,2.651301,432.04252945253546,1114112,1.0625,38901248,18432,0.16348232328891754,0.037841796875,3.764705882352941
int4,1024,1,1,1,attention,10.690601000000001,11.657502,93.54011702410955,1114112,1.0625,41451008,2568192,0.16348232328891754,0.037841796875,3.764705882352941
int4,1024,1,1,1,full_call,14.201652,16.956702,70.4144893514829,1114112,1.0625,41451008,2568192,0.16348232328891754,0.037841796875,3.764705882352941
bf16,1024,1,16,16,cache_write,0.6276995000000001,1.073099,25490.069521075362,4194304,4.0,42120192,34304,0.0,0.0,1.0
bf16,1024,1,16,16,attention,7.111244,12.61039,2249.9599810854415,4194304,4.0,45114368,3028480,0.0,0.0,1.0
bf16,1024,1,16,16,full_call,7.867794,13.64219,2033.6097816803274,4194304,4.0,45114368,3028480,0.0,0.0,1.0
int8,1024,1,16,16,cache_write,2.060349,2.611098,7765.675679276979,2162688,2.0625,40318976,264704,0.009311615489423275,0.0029296875,1.9393939393939394
int8,1024,1,16,16,attention,7.499344000000001,13.38059,2133.519961239117,2162688,2.0625,43342848,3288576,0.009311615489423275,0.0029296875,1.9393939393939394
int8,1024,1,16,16,full_call,10.463201000000002,15.008001,1529.1704715250294,2162688,2.0625,43342848,3288576,0.009311615489423275,0.0029296875,1.9393939393939394
fp8_e4m3,1024,1,16,16,cache_write,1.9587505,2.7181,8168.473137645362,2162688,2.0625,40302592,248320,0.03658881038427353,0.0166015625,1.9393939393939394
fp8_e4m3,1024,1,16,16,attention,7.567701,11.423202,2114.248444784549,2162688,2.0625,43342848,3288576,0.03658881038427353,0.0166015625,1.9393939393939394
fp8_e4m3,1024,1,16,16,full_call,10.403551,13.858801,1537.9365910277452,2162688,2.0625,43342848,3288576,0.03658881038427353,0.0166015625,1.9393939393939394
fp8_e5m2,1024,1,16,16,cache_write,1.9516505,2.1581,8198.189610548516,2162688,2.0625,40302592,248320,0.07426039129495621,0.03857421875,1.9393939393939394
fp8_e5m2,1024,1,16,16,attention,7.5825510000000005,13.767796,2110.109571548833,2162688,2.0625,43342848,3288576,0.07426039129495621,0.03857421875,1.9393939393939394
fp8_e5m2,1024,1,16,16,full_call,10.394496,11.732296,1539.2764592661247,2162688,2.0625,43342848,3288576,0.07426039129495621,0.03857421875,1.9393939393939394
int4,1024,1,16,16,cache_write,2.3841989999999997,3.910199,6710.8549341936305,1114112,1.0625,39262208,256512,0.16517025232315063,0.05078125,3.764705882352941
int4,1024,1,16,16,attention,11.0031965,19.007394,1454.1229577548238,1114112,1.0625,42687488,3681792,0.16517025232315063,0.05078125,3.764705882352941
int4,1024,1,16,16,full_call,14.2197455,22.422292,1125.1967681338342,1114112,1.0625,42687488,3681792,0.16517025232315063,0.05078125,3.764705882352941
bf16,1024,4,1,4,cache_write,0.58675,0.7659,6817.221830190817,16777216,16.0,67187712,9728,0.0,0.0,1.0
bf16,1024,4,1,4,attention,28.1123495,42.933001,142.28622292715727,16777216,16.0,68853760,1675776,0.0,0.0,1.0
bf16,1024,4,1,4,full_call,28.992549,42.703198,137.96685659251602,16777216,16.0,68853760,1675776,0.0,0.0,1.0
int8,1024,4,1,4,cache_write,2.0462499999999997,2.2828,1954.795386539592,8650752,8.25,59119616,68096,0.009401376359164715,0.001953125,1.9393939393939394
int8,1024,4,1,4,attention,30.037049,40.584898,133.16896535941373,8650752,8.25,61251584,2200064,0.009401376359164715,0.001953125,1.9393939393939394
int8,1024,4,1,4,full_call,34.249196999999995,47.966596,116.79107185360283,8650752,8.25,61251072,2199552,0.009401376359164715,0.001953125,1.9393939393939394
fp8_e4m3,1024,4,1,4,cache_write,2.00995,3.2788,1990.1002919158655,8650752,8.25,59115520,64000,0.037388965487480164,0.00927734375,1.9393939393939394
fp8_e4m3,1024,4,1,4,attention,29.570997499999997,40.546496,135.26771650343483,8650752,8.25,61251584,2200064,0.037388965487480164,0.00927734375,1.9393939393939394
fp8_e4m3,1024,4,1,4,full_call,34.118495499999995,40.614997,117.23848299070951,8650752,8.25,61251072,2199552,0.037388965487480164,0.00927734375,1.9393939393939394
fp8_e5m2,1024,4,1,4,cache_write,2.0213995000000002,2.372,1978.8314024688787,8650752,8.25,59115520,64000,0.07339733839035034,0.021087646484375,1.9393939393939394
fp8_e5m2,1024,4,1,4,attention,29.864995999999998,50.315293,133.93606465442633,8650752,8.25,61251584,2200064,0.07339733839035034,0.021087646484375,1.9393939393939394
fp8_e5m2,1024,4,1,4,full_call,34.117622499999996,49.204033,117.24146565351663,8650752,8.25,61251072,2199552,0.07339733839035034,0.021087646484375,1.9393939393939394
int4,1024,4,1,4,cache_write,2.277301,2.528102,1756.4668583815946,4456448,4.25,54923264,66048,0.16345293819904327,0.03955078125,3.764705882352941
int4,1024,4,1,4,attention,45.559897500000005,59.8141,87.79651149989232,4456448,4.25,57450496,2593280,0.16345293819904327,0.03955078125,3.764705882352941
int4,1024,4,1,4,full_call,50.910295500000004,69.230694,78.56978542465802,4456448,4.25,57449984,2592768,0.16345293819904327,0.03955078125,3.764705882352941
bf16,1024,4,16,64,cache_write,0.5723,0.7007,111829.54543234048,16777216,16.0,68064768,132608,0.0,0.0,1.0
bf16,1024,4,16,64,attention,28.638748,36.945197,2234.73456345085,16777216,16.0,71353856,3421696,0.0,0.0,1.0
bf16,1024,4,16,64,full_call,29.542498000000002,37.310698,2166.3737757203075,16777216,16.0,71353856,3421696,0.0,0.0,1.0
int8,1024,4,16,64,cache_write,2.0406,2.247499,31363.32519027211,8650752,8.25,60861440,1055744,0.009427274577319622,0.0029296875,1.9393939393939394
int8,1024,4,16,64,attention,30.979098999999998,44.136397,2065.9102273293647,8650752,8.25,63489536,3683840,0.009427274577319622,0.0029296875,1.9393939393939394
int8,1024,4,16,64,full_call,34.9762495,44.343899,1829.8131294139034,8650752,8.25,63487488,3681792,0.009427274577319622,0.0029296875,1.9393939393939394
fp8_e4m3,1024,4,16,64,cache_write,1.9513,2.1609,32798.64920932383,8650752,8.25,60795904,990208,0.036832794547080994,0.017578125,1.9393939393939394
fp8_e4m3,1024,4,16,64,attention,30.4500495,54.575199,2101.8036805994725,8650752,8.25,63489536,3683840,0.036832794547080994,0.017578125,1.9393939393939394
fp8_e4m3,1024,4,16,64,full_call,35.16815,43.1113,1819.8284529137572,8650752,8.25,63487488,3681792,0.036832794547080994,0.017578125,1.9393939393939394
fp8_e5m2,1024,4,16,64,cache_write,1.9852500000000002,2.2406,32237.77570065173,8650752,8.25,60795904,990208,0.0733843743801117,0.0322265625,1.9393939393939394
fp8_e5m2,1024,4,16,64,attention,30.5103535,43.82321,2097.649551237183,8650752,8.25,63489536,3683840,0.0733843743801117,0.0322265625,1.9393939393939394
fp8_e5m2,1024,4,16,64,full_call,35.191006,47.693812,1818.648220490265,8650752,8.25,63487488,3681792,0.0733843743801117,0.0322265625,1.9393939393939394
int4,1024,4,16,64,cache_write,2.2618,2.5917,28296.08478666969,4456448,4.25,56634368,1022976,0.1672370582818985,0.0546875,3.764705882352941
int4,1024,4,16,64,attention,46.1416505,70.277486,1387.0379878572685,4456448,4.25,59688448,4077056,0.1672370582818985,0.0546875,3.764705882352941
int4,1024,4,16,64,full_call,51.113843,77.694795,1252.1078075207301,4456448,4.25,59686400,4075008,0.1672370582818985,0.0546875,3.764705882352941
bf16,4096,1,1,1,cache_write,0.88225,1.0035,1133.4716907527954,16777216,16.0,67156992,3584,0.0,0.0,1.0
bf16,4096,1,1,1,attention,27.3740485,46.978098,36.53095011076179,16777216,16.0,68804096,1650688,0.0,0.0,1.0
bf16,4096,1,1,1,full_call,27.878198500000003,35.905798,35.87052337608456,16777216,16.0,68804096,1650688,0.0,0.0,1.0
int8,4096,1,1,1,cache_write,2.1294500000000003,3.598301,469.61073086708143,8650752,8.25,59045888,18944,0.009387312456965446,0.0009765625,1.9393939393939394
int8,4096,1,1,1,attention,28.575101,38.237101,34.99550284062852,8650752,8.25,61201920,2174976,0.009387312456965446,0.0009765625,1.9393939393939394
int8,4096,1,1,1,full_call,33.558801,41.335501,29.79844246783272,8650752,8.25,61201920,2174976,0.009387312456965446,0.0009765625,1.9393939393939394
fp8_e4m3,4096,1,1,1,cache_write,2.0286505,3.5767,492.93864027652756,8650752,8.25,59044864,17920,0.03730064257979393,0.003662109375,1.9393939393939394
fp8_e4m3,4096,1,1,1,attention,29.034304,49.188605,34.44201865164523,8650752,8.25,61201920,2174976,0.03730064257979393,0.003662109375,1.9393939393939394
fp8_e4m3,4096,1,1,1,full_call,33.457201999999995,40.2125,29.88893422796628,8650752,8.25,61201920,2174976,0.03730064257979393,0.003662109375,1.9393939393939394
fp8_e5m2,4096,1,1,1,cache_write,2.1563499999999998,3.386,463.7466290490123,8650752,8.25,59044864,17920,0.0734831765294075,0.0069580078125,1.9393939393939394
fp8_e5m2,4096,1,1,1,attention,28.879754,49.310508,34.62653455279229,8650752,8.25,61201920,2174976,0.0734831765294075,0.0069580078125,1.9393939393939394
fp8_e5m2,4096,1,1,1,full_call,33.8131025,43.029006,29.574338560812425,8650752,8.25,61201920,2174976,0.0734831765294075,0.0069580078125,1.9393939393939394
int4,4096,1,1,1,cache_write,1.8392,2.8406,543.738583544434,4456448,4.25,54851072,18432,0.1643267124891281,0.017578125,3.764705882352941
int4,4096,1,1,1,attention,45.434889,58.769686,22.009519505824148,4456448,4.25,57400832,2568192,0.1643267124891281,0.017578125,3.764705882352941
int4,4096,1,1,1,full_call,48.834720000000004,65.3705,20.477247899803594,4456448,4.25,57400832,2568192,0.1643267124891281,0.017578125,3.764705882352941
bf16,4096,1,16,16,cache_write,0.5757505,0.6732,27789.815411825955,16777216,16.0,67310592,34304,0.0,0.0,1.0
bf16,4096,1,16,16,attention,28.028706,48.410101,570.8433493684392,16777216,16.0,70304768,3028480,0.0,0.0,1.0
bf16,4096,1,16,16,full_call,28.7249995,37.167101,557.0061578326048,16777216,16.0,70304768,3028480,0.0,0.0,1.0
int8,4096,1,16,16,cache_write,2.10915,3.462399,7585.994464497159,8650752,8.25,59414528,264704,0.009406456723809242,0.0010986328125,1.9393939393939394
int8,4096,1,16,16,attention,29.682398,50.758698,539.0401002075964,8650752,8.25,62438400,3288576,0.009406456723809242,0.0010986328125,1.9393939393939394
int8,4096,1,16,16,full_call,34.0903985,42.296198,469.3403709802428,8650752,8.25,62438400,3288576,0.009406456723809242,0.0010986328125,1.9393939393939394
fp8_e4m3,4096,1,16,16,cache_write,2.0236,3.3245,7906.700948345746,8650752,8.25,59398144,248320,0.03716185316443443,0.0048828125,1.9393939393939394
fp8_e4m3,4096,1,16,16,attention,29.881149,51.946398,535.4552409318267,8650752,8.25,62438400,3288576,0.03716185316443443,0.0048828125,1.9393939393939394
fp8_e4m3,4096,1,16,16,full_call,34.318849,55.141599,466.216164173999,8650752,8.25,62438400,3288576,0.03716185316443443,0.0048828125,1.9393939393939394
fp8_e5m2,4096,1,16,16,cache_write,1.96095,2.4441,8159.330277077908,8650752,8.25,59398144,248320,0.07337391376495361,0.010498046875,1.9393939393939394
fp8_e5m2,4096,1,16,16,attention,29.5301,41.7905,541.8211900953447,8650752,8.25,62438400,3288576,0.07337391376495361,0.010498046875,1.9393939393939394
fp8_e5m2,4096,1,16,16,full_call,33.892250000000004,40.970242,472.08445996050386,8650752,8.25,62438400,3288576,0.07337391376495361,0.010498046875,1.9393939393939394
int4,4096,1,16,16,cache_write,2.289847,2.571096,6987.36816719677,4456448,4.25,55212032,256512,0.1675538420677185,0.0233154296875,3.764705882352941
int4,4096,1,16,16,attention,44.3582375,66.511707,360.69964057501227,4456448,4.25,58637312,3681792,0.1675538420677185,0.0233154296875,3.764705882352941
int4,4096,1,16,16,full_call,49.754734,63.199901,321.57744119619076,4456448,4.25,58637312,3681792,0.1675538420677185,0.0233154296875,3.764705882352941
bf16,4096,4,1,4,cache_write,0.59589,0.979883,6712.653033663829,67108864,64.0,167949312,9728,0.0,0.0,1.0
bf16,4096,4,1,4,attention,103.41491149999999,118.96733,38.679141549034156,67108864,64.0,169615360,1675776,0.0,0.0,1.0
bf16,4096,4,1,4,full_call,103.612371,114.71506,38.605429845794774,67108864,64.0,169615360,1675776,0.0,0.0,1.0
int8,4096,4,1,4,cache_write,1.9828999999999999,2.4768,2017.2479788804749,34603008,33.0,135501824,68096,0.009544550441205502,0.0009765625,1.9393939393939394
int8,4096,4,1,4,attention,108.94994349999999,128.245005,36.71418397914893,34603008,33.0,137633792,2200064,0.009544550441205502,0.0009765625,1.9393939393939394
int8,4096,4,1,4,full_call,118.974405,143.590703,33.620693011627665,34603008,33.0,137633280,2199552,0.009544550441205502,0.0009765625,1.9393939393939394
fp8_e4m3,4096,4,1,4,cache_write,1.9858500000000001,2.9124,2014.2508258608425,34603008,33.0,135497728,64000,0.037457067519426346,0.0042724609375,1.9393939393939394
fp8_e4m3,4096,4,1,4,attention,108.12704199999999,127.065488,36.993527177294624,34603008,33.0,137633792,2200064,0.037457067519426346,0.0042724609375,1.9393939393939394
fp8_e4m3,4096,4,1,4,full_call,118.535102,141.730233,33.74527826791754,34603008,33.0,137633280,2199552,0.037457067519426346,0.0042724609375,1.9393939393939394
fp8_e5m2,4096,4,1,4,cache_write,1.979604,2.371725,2020.6081000455151,34603008,33.0,135497728,64000,0.07418806105852127,0.00830078125,1.9393939393939394
fp8_e5m2,4096,4,1,4,attention,108.610089,127.093325,36.829005060705214,34603008,33.0,137633792,2200064,0.07418806105852127,0.00830078125,1.9393939393939394
fp8_e5m2,4096,4,1,4,full_call,114.3703935,134.949676,34.97412633411979,34603008,33.0,137633280,2199552,0.07418806105852127,0.00830078125,1.9393939393939394
int4,4096,4,1,4,cache_write,2.1802125,2.706609,1834.6844546163884,17825792,17.0,118722560,66048,0.1696130484342575,0.0239715576171875,3.764705882352941
int4,4096,4,1,4,attention,161.857502,193.497493,24.713115516359125,17825792,17.0,121249792,2593280,0.1696130484342575,0.0239715576171875,3.764705882352941
int4,4096,4,1,4,full_call,182.09899000000001,210.427304,21.966083683471787,17825792,17.0,121249280,2592768,0.1696130484342575,0.0239715576171875,3.764705882352941
bf16,4096,4,16,64,cache_write,0.580781,0.68897,110196.5799812537,67108864,64.0,168826368,132608,0.0,0.0,1.0
bf16,4096,4,16,64,attention,103.5107735,127.072469,618.2934809739959,67108864,64.0,172115456,3421696,0.0,0.0,1.0
bf16,4096,4,16,64,full_call,104.747039,121.265626,610.9958008097566,67108864,64.0,172115456,3421696,0.0,0.0,1.0
int8,4096,4,16,64,cache_write,3.2054385,3.515824,19966.082470850313,34603008,33.0,137243648,1055744,0.009500582702457905,0.00152587890625,1.9393939393939394
int8,4096,4,16,64,attention,109.630909,127.703939,583.7769719833029,34603008,33.0,139871744,3683840,0.009500582702457905,0.00152587890625,1.9393939393939394
int8,4096,4,16,64,full_call,124.28778299999999,148.716056,514.9340966481981,34603008,33.0,139869696,3681792,0.009500582702457905,0.00152587890625,1.9393939393939394
fp8_e4m3,4096,4,16,64,cache_write,2.02955,3.3119,31534.129863188442,34603008,33.0,137178112,990208,0.037223998457193375,0.007568359375,1.9393939393939394
fp8_e4m3,4096,4,16,64,attention,107.304303,127.120495,596.4351384220624,34603008,33.0,139871744,3683840,0.037223998457193375,0.007568359375,1.9393939393939394
fp8_e4m3,4096,4,16,64,full_call,117.67844600000001,145.868817,543.8549122616706,34603008,33.0,139869696,3681792,0.037223998457193375,0.007568359375,1.9393939393939394
fp8_e5m2,4096,4,16,64,cache_write,2.0080715,3.33963,31871.420076131915,34603008,33.0,137178112,990208,0.07397030293941498,0.01361083984375,1.9393939393939394
fp8_e5m2,4096,4,16,64,attention,107.787213,128.551332,593.7628791413854,34603008,33.0,139871744,3683840,0.07397030293941498,0.01361083984375,1.9393939393939394
fp8_e5m2,4096,4,16,64,full_call,118.411926,139.593204,540.4861612611178,34603008,33.0,139869696,3681792,0.07397030293941498,0.01361083984375,1.9393939393939394
int4,4096,4,16,64,cache_write,2.3977855,3.786523,26691.33240447563,17825792,17.0,120433664,1022976,0.16770462691783905,0.0232696533203125,3.764705882352941
int4,4096,4,16,64,attention,165.51597800000002,196.112311,386.66967649547684,17825792,17.0,123487744,4077056,0.16770462691783905,0.0232696533203125,3.764705882352941
int4,4096,4,16,64,full_call,178.8374475,205.522483,357.86719156891303,17825792,17.0,123485696,4075008,0.16770462691783905,0.0232696533203125,3.764705882352941
