distribution,candidate,resident_bytes,compression_ratio,attention_relative_l2,max_key_vector_error,max_value_vector_error,attention_max_vector_error,attention_absolute_bound
gaussian,int4_sym,40960,3.2,0.13274355232715607,1.3370840093870018,1.2516123896411282,0.219764155697712,21.214224117678985
gaussian,int8_sym,73728,1.7777777777777777,0.007320927456021309,0.06866449745744783,0.0639113390048986,0.011969957543493892,1.5845441399831581
gaussian,adaptive,45056,2.909090909090909,0.09349667280912399,0.27163971772150736,0.9931180934105314,0.1382283616372639,7.008807133758932
channel_outliers,int4_sym,40960,3.2,0.6733021140098572,7.261480952973414,8.44798853014916,21.468835865540264,161.18363683449556
channel_outliers,int8_sym,73728,1.7777777777777777,0.029701735824346542,0.6510826022626864,0.4698708492517265,0.6036947527318441,110.78910844038005
channel_outliers,adaptive,88832,1.4755043227665705,0.014256521128118038,0.4856550469056828,0.47015507239932414,0.2216219413484181,82.75939812807896
shifted,int4_sym,40960,3.2,0.013635157607495785,2.2745396055324116,1.7636462603675473,0.3942075479634305,42.92570350566371
shifted,int8_sym,73728,1.7777777777777777,0.0007581980316899717,0.11775082194990114,0.09926481562086732,0.02186887666186812,5.47621197034239
shifted,adaptive,50176,2.6122448979591835,0.0044096047058701515,0.48358876498461645,0.7367152605348312,0.10658441606435899,22.819204290170955
