distribution,candidate,resident_bytes,compression_ratio,effective_bits,key_relative_l2,value_relative_l2,attention_relative_l2,residual_tokens,sink_tokens
gaussian,native,131072,1,16,0,0,3.1629309660274885e-7,0,0
gaussian,int2_sym,24576,5.333333333333333,3,0.6606699824333191,0.657572865486145,0.9308283925056458,0,0
gaussian,int3_sym,32768,4,4,0.2283860146999359,0.22711525857448578,0.3058405816555023,0,0
gaussian,int4_sym,40960,3.2,5,0.09774260967969894,0.09707649797201157,0.13274355232715607,0,0
gaussian,int5_sym,49152,2.6666666666666665,6,0.04585740715265274,0.04524703323841095,0.06428365409374237,0,0
gaussian,int6_sym,57344,2.2857142857142856,7,0.022135216742753983,0.02186628058552742,0.03156096860766411,0,0
gaussian,int7_sym,65536,2,8,0.010912556201219559,0.010828962549567223,0.014815614558756351,0,0
gaussian,int8_sym,73728,1.7777777777777777,9,0.005405424162745476,0.005328466184437275,0.007320927456021309,0,0
gaussian,fp8_e4m3,73728,1.7777777777777777,9,0.02385547198355198,0.02383834682404995,0.03259000554680824,0,0
gaussian,fp8_e5m2,73728,1.7777777777777777,9,0.04748403653502464,0.0478966049849987,0.06659643352031708,0,0
gaussian,nf4,40960,3.2,5,0.08733273297548294,0.0874592736363411,0.12144600600004196,0,0
gaussian,fp4_e2m1,40960,3.2,5,0.10101325064897537,0.10109987109899521,0.14182035624980927,0,0
gaussian,int4_affine,49152,2.6666666666666665,6,0.07860593497753143,0.07847227156162262,0.10382284969091415,0,0
gaussian,int4_group8,65536,2,8,0.0718991756439209,0.0716203972697258,0.10209936648607254,0,0
gaussian,int4_group64,36864,3.5555555555555554,4.5,0.10914257168769836,0.10740871727466583,0.15024657547473907,0,0
gaussian,int4_rotated,40960,3.2,5,0.09650351107120514,0.09733270853757858,0.12818875908851624,0,0
gaussian,int4_outliers,57344,2.2857142857142856,7,0.07934483885765076,0.07980040460824966,0.10710110515356064,0,0
gaussian,int4_fp16_scales,36864,3.5555555555555554,4.5,0.09774153679609299,0.09707466512918472,0.13272400200366974,0,0
gaussian,int4_pow2_scales,34816,3.764705882352941,4.25,0.14393797516822815,0.14532649517059326,0.20680008828639984,0,0
gaussian,k_channel_v_token,59392,2.206896551724138,7.25,0.07364225387573242,0.07328281551599503,0.10763958096504211,32,0
gaussian,k_int8_v_int4,66560,1.9692307692307693,8.125,0.005052038002759218,0.09086321294307709,0.09256472438573837,32,0
gaussian,int4_residual32,52224,2.5098039215686274,6.375,0.09157009422779083,0.09086321294307709,0.1289198398590088,32,0
gaussian,int4_residual64_sink16,74752,1.7534246575342465,9.125,0.07750476151704788,0.07709356397390366,0.11376785486936569,64,16
channel_outliers,native,131072,1,16,0,0,2.308803459527553e-7,0,0
channel_outliers,int2_sym,24576,5.333333333333333,3,0.38910046219825745,0.6572498679161072,0.831574559211731,0,0
channel_outliers,int3_sym,32768,4,4,0.2793753147125244,0.23234181106090546,0.5630910992622375,0,0
channel_outliers,int4_sym,40960,3.2,5,0.18030650913715363,0.09962637722492218,0.6733021140098572,0,0
channel_outliers,int5_sym,49152,2.6666666666666665,6,0.09174808859825134,0.04577558487653732,0.3843952417373657,0,0
channel_outliers,int6_sym,57344,2.2857142857142856,7,0.04506199061870575,0.022162767127156258,0.10761939734220505,0,0
channel_outliers,int7_sym,65536,2,8,0.022083399817347527,0.01091545820236206,0.07880054414272308,0,0
channel_outliers,int8_sym,73728,1.7777777777777777,9,0.010964243672788143,0.0053759790025651455,0.029701735824346542,0,0
channel_outliers,fp8_e4m3,73728,1.7777777777777777,9,0.013061203062534332,0.02306418865919113,0.039827167987823486,0,0
channel_outliers,fp8_e5m2,73728,1.7777777777777777,9,0.025702225044369698,0.0482112392783165,0.06360936164855957,0,0
channel_outliers,nf4,40960,3.2,5,0.12132628262042999,0.09013058245182037,0.37667790055274963,0,0
channel_outliers,fp4_e2m1,40960,3.2,5,0.12064147740602493,0.10300391167402267,0.25749561190605164,0,0
channel_outliers,int4_affine,49152,2.6666666666666665,6,0.11735404282808304,0.07865997403860092,0.600861132144928,0,0
channel_outliers,int4_group8,65536,2,8,0.09815845638513565,0.07223796099424362,0.261838436126709,0,0
channel_outliers,int4_group64,36864,3.5555555555555554,4.5,0.2201383262872696,0.11030793935060501,0.7452510595321655,0,0
channel_outliers,int4_rotated,40960,3.2,5,0.07068722695112228,0.09601748734712601,0.1739700734615326,0,0
channel_outliers,int4_outliers,57344,2.2857142857142856,7,0.0904461070895195,0.0815202072262764,0.6825414299964905,0,0
channel_outliers,int4_fp16_scales,36864,3.5555555555555554,4.5,0.1803082525730133,0.0996226966381073,0.6649112701416016,0,0
channel_outliers,int4_pow2_scales,34816,3.764705882352941,4.25,0.23230013251304626,0.14697715640068054,0.6093957424163818,0,0
channel_outliers,k_channel_v_token,59392,2.206896551724138,7.25,0.07338684797286987,0.07187478244304657,0.15797856450080872,32,0
channel_outliers,k_int8_v_int4,66560,1.9692307692307693,8.125,0.010186399333178997,0.09164722263813019,0.10655897110700607,32,0
channel_outliers,int4_residual32,52224,2.5098039215686274,6.375,0.16723830997943878,0.09164722263813019,0.6601330041885376,32,0
channel_outliers,int4_residual64_sink16,74752,1.7534246575342465,9.125,0.14169107377529144,0.07785088568925858,0.26651909947395325,64,16
shifted,native,131072,1,16,0,0,2.325721339957454e-7,0,0
shifted,int2_sym,24576,5.333333333333333,3,0.5629137754440308,0.610522449016571,0.38071274757385254,0,0
shifted,int3_sym,32768,4,4,0.15245462954044342,0.17256441712379456,0.033667296171188354,0,0
shifted,int4_sym,40960,3.2,5,0.06556114554405212,0.07429178804159164,0.013635157607495785,0,0
shifted,int5_sym,49152,2.6666666666666665,6,0.03042733296751976,0.03443288058042526,0.006516308058053255,0,0
shifted,int6_sym,57344,2.2857142857142856,7,0.01483885571360588,0.01673382893204689,0.0029340696055442095,0,0
shifted,int7_sym,65536,2,8,0.007308050990104675,0.008219263516366482,0.0015161714982241392,0,0
shifted,int8_sym,73728,1.7777777777777777,9,0.0035919900983572006,0.004085478372871876,0.0007581980316899717,0,0
shifted,fp8_e4m3,73728,1.7777777777777777,9,0.0256793349981308,0.025237057358026505,0.004991114605218172,0,0
shifted,fp8_e5m2,73728,1.7777777777777777,9,0.051808733493089676,0.050604067742824554,0.010561054572463036,0,0
shifted,nf4,40960,3.2,5,0.07978754490613937,0.07887770980596542,0.017500368878245354,0,0
shifted,fp4_e2m1,40960,3.2,5,0.10350959748029709,0.10172540694475174,0.02259574644267559,0,0
shifted,int4_affine,49152,2.6666666666666665,6,0.024904176592826843,0.034737035632133484,0.0056654359214007854,0,0
shifted,int4_group8,65536,2,8,0.054530560970306396,0.06021055579185486,0.012219250202178955,0,0
shifted,int4_group64,36864,3.5555555555555554,4.5,0.06954886019229889,0.07933259755373001,0.016172638162970543,0,0
shifted,int4_rotated,40960,3.2,5,0.09868644177913666,0.09897340089082718,0.02036364935338497,0,0
shifted,int4_outliers,57344,2.2857142857142856,7,0.05911088362336159,0.06560703366994858,0.013552812859416008,0,0
shifted,int4_fp16_scales,36864,3.5555555555555554,4.5,0.0655585527420044,0.07429193705320358,0.01379602961242199,0,0
shifted,int4_pow2_scales,34816,3.764705882352941,4.25,0.09175805747509003,0.12303291261196136,0.02406594343483448,0,0
shifted,k_channel_v_token,59392,2.206896551724138,7.25,0.023305799812078476,0.03243955597281456,0.005770354997366667,32,0
shifted,k_int8_v_int4,66560,1.9692307692307693,8.125,0.0033599466551095247,0.06941258907318115,0.008682097308337688,32,0
shifted,int4_residual32,52224,2.5098039215686274,6.375,0.06128351762890816,0.06941258907318115,0.013288529589772224,32,0
shifted,int4_residual64_sink16,74752,1.7534246575342465,9.125,0.051983315497636795,0.05859919637441635,0.011695451103150845,64,16
