seed,distribution,candidate,residual_tokens,resident_bytes,compression_ratio,effective_bits,key_relative_l2,value_relative_l2,attention_relative_l2,max_key_vector_error,max_value_vector_error
2026,gaussian,int3_sym,32,45056,2.909090909090909,5.5,0.21401380002498627,0.212755024433136,0.29275569319725037,2.6817628125050335,2.8335177297323244
2026,gaussian,int4_sym,32,52224,2.5098039215686274,6.375,0.09157009422779083,0.09086321294307709,0.1289198398590088,1.202130677633834,1.2516123896411282
2026,gaussian,int6_sym,32,66560,1.9692307692307693,8.125,0.020725730806589127,0.02046637050807476,0.03080911748111248,0.271523700307486,0.2704721290320688
2026,gaussian,int8_sym,32,80896,1.620253164556962,9.875,0.005052038002759218,0.004988278262317181,0.006948389578610659,0.06866449745744783,0.0639113390048986
2026,gaussian,int4_rotated,32,52224,2.5098039215686274,6.375,0.09015890210866928,0.09061882644891739,0.12400676310062408,1.1590848340737725,1.1370527150683156
2026,gaussian,int4_outliers,32,66560,1.9692307692307693,8.125,0.0742110162973404,0.07450125366449356,0.10262293368577957,0.8900374794516374,0.9514151074482423
2026,gaussian,int4_center,32,59392,2.206896551724138,7.25,0.08990828692913055,0.0900442972779274,0.1371418684720993,1.1529274939334906,1.1773076956332764
2026,gaussian,int4_rank1,32,62976,2.0813008130081303,7.6875,0.08740527927875519,0.08656680583953857,0.12191745638847351,1.0819795401472354,1.0428397896137682
2026,gaussian,int4_rank2,32,73728,1.7777777777777777,9,0.08356361836194992,0.08271262049674988,0.11469705402851105,1.017146666342382,0.918007924918091
2026,gaussian,int4_rank1_fp16,32,57600,2.2755555555555556,7.03125,0.087405264377594,0.08656680583953857,0.12191690504550934,1.0819824056979415,1.0428424554714986
2026,gaussian,int4_rank2_fp16,32,62976,2.0813008130081303,7.6875,0.08356363326311111,0.08271261304616928,0.11469680070877075,1.0171473439843541,0.9180136299364863
2026,gaussian,int4_rank2_bf16,32,62976,2.0813008130081303,7.6875,0.0835636630654335,0.08271265774965286,0.11469319462776184,1.0171967030899134,0.9179946315573335
2026,gaussian,int4_center_rank1_fp16,32,64768,2.0237154150197627,7.90625,0.08575182408094406,0.0859701856970787,0.1298372894525528,1.037770717450704,1.0207626093493913
2026,gaussian,int4_error_1_64,32,59392,2.206896551724138,7.25,0.08779434859752655,0.08728666603565216,0.12478432059288025,0.9916343293873157,0.9703389243897232
2026,gaussian,int4_error_1_32,32,66560,1.9692307692307693,8.125,0.0848708227276802,0.08442505449056625,0.11819683760404587,0.8935056331461237,0.9024723164206133
2026,gaussian,int4_center_rank1,32,70144,1.8686131386861313,8.5625,0.08575181663036346,0.0859701931476593,0.12983784079551697,1.037770708029276,1.0207633623741286
2026,gaussian,int4_rank1_error,32,70144,1.8686131386861313,8.5625,0.08364831656217575,0.08289770781993866,0.11791762709617615,0.9817837217064678,0.8996400038164165
2026,gaussian,int4_center_rotated,32,59392,2.206896551724138,7.25,0.08872868865728378,0.08883021026849747,0.12526383996009827,1.1000409323524438,1.2021755954987552
2026,gaussian,k_rank2_v_int4,32,62976,2.0813008130081303,7.6875,0.08356361836194992,0.09086321294307709,0.12282337248325348,1.017146666342382,1.2516123896411282
2026,gaussian,k_center_v_int4,32,55808,2.3486238532110093,6.8125,0.08990828692913055,0.09086321294307709,0.1349429488182068,1.1529274939334906,1.2516123896411282
2026,gaussian,adaptive,32,55808,2.3486238532110093,6.8125,0.0207242202013731,0.08301901817321777,0.09227324277162552,0.27163971772150736,0.9902318243411469
2026,gaussian,adaptive_extended,32,55808,2.3486238532110093,6.8125,0.0207242202013731,0.08301901817321777,0.09227324277162552,0.27163971772150736,0.9902318243411469
2026,gaussian,adaptive_headwise,32,55808,2.3486238532110093,6.8125,0.0207242202013731,0.08622711896896362,0.09012829512357712,0.27163971772150736,0.9967769224775725
2026,channel_outliers,int3_sym,32,45056,2.909090909090909,5.5,0.26031261682510376,0.21423959732055664,0.5614147782325745,9.61996116032473,17.93589069082571
2026,channel_outliers,int4_sym,32,52224,2.5098039215686274,6.375,0.16723830997943878,0.09164722263813019,0.6601330041885376,7.261480952973414,7.92230818428776
2026,channel_outliers,int6_sym,32,66560,1.9692307692307693,8.125,0.0418894924223423,0.020443778485059738,0.09153103828430176,2.672225790685902,1.9391732551320893
2026,channel_outliers,int8_sym,32,80896,1.620253164556962,9.875,0.010186399333178997,0.0049376413226127625,0.02951781451702118,0.6510826022626864,0.4455478040535065
2026,channel_outliers,int4_rotated,32,52224,2.5098039215686274,6.375,0.06563849747180939,0.08610095828771591,0.17137852311134338,3.277361121953684,6.591079259496199
2026,channel_outliers,int4_outliers,32,66560,1.9692307692307693,8.125,0.08339262753725052,0.07549041509628296,0.6645941734313965,5.557292153986865,7.6113208595859385
2026,channel_outliers,int4_center,32,59392,2.206896551724138,7.25,0.1643814593553543,0.089183509349823,0.5037755370140076,7.473879634182154,7.840794669712576
2026,channel_outliers,int4_rank1,32,62976,2.0813008130081303,7.6875,0.1584070324897766,0.06204182654619217,0.6269056797027588,6.826797611654256,6.0607917655273535
2026,channel_outliers,int4_rank2,32,73728,1.7777777777777777,9,0.15007297694683075,0.040804725140333176,0.3096127212047577,6.336881490870928,1.236439600719923
2026,channel_outliers,int4_rank1_fp16,32,57600,2.2755555555555556,7.03125,0.15840698778629303,0.06204182654619217,0.6269415020942688,6.8267840273491585,6.060781535819441
2026,channel_outliers,int4_rank2_fp16,32,62976,2.0813008130081303,7.6875,0.15007302165031433,0.04080474004149437,0.30962660908699036,6.336882264418173,1.236439033972697
2026,channel_outliers,int4_rank2_bf16,32,62976,2.0813008130081303,7.6875,0.1500731110572815,0.04080523923039436,0.30981725454330444,6.3369976037358375,1.236341639798938
2026,channel_outliers,int4_center_rank1_fp16,32,64768,2.0237154150197627,7.90625,0.15540459752082825,0.06155865266919136,0.3646889626979828,7.122315959937676,5.669185449505533
2026,channel_outliers,int4_error_1_64,32,59392,2.206896551724138,7.25,0.15528380870819092,0.06254995614290237,0.2724628746509552,6.153065020460996,4.921109533117103
2026,channel_outliers,int4_error_1_32,32,66560,1.9692307692307693,8.125,0.14711862802505493,0.04777580127120018,0.2130395621061325,5.925442411937971,2.3281355026904276
2026,channel_outliers,int4_center_rank1,32,70144,1.8686131386861313,8.5625,0.15540462732315063,0.061558645218610764,0.3646186292171478,7.1223004420734775,5.669197066187681
2026,channel_outliers,int4_rank1_error,32,70144,1.8686131386861313,8.5625,0.14715957641601562,0.045043449848890305,0.3071470856666565,6.035979034806715,2.1618030548168816
2026,channel_outliers,int4_center_rotated,32,59392,2.206896551724138,7.25,0.06457497924566269,0.08550167083740234,0.13730749487876892,3.109066296431985,6.882250441218941
2026,channel_outliers,k_rank2_v_int4,32,62976,2.0813008130081303,7.6875,0.15007297694683075,0.09164722263813019,0.33241087198257446,6.336881490870928,7.92230818428776
2026,channel_outliers,k_center_v_int4,32,55808,2.3486238532110093,6.8125,0.1643814593553543,0.09164722263813019,0.5028574466705322,7.473879634182154,7.92230818428776
2026,channel_outliers,adaptive,32,96512,1.3580901856763925,11.78125,0.005345646757632494,0.004938772413879633,0.013096941635012627,0.48360921811122876,0.4453463123267361
2026,channel_outliers,adaptive_extended,32,93568,1.4008207934336525,11.421875,0.005345646757632494,0.02249285764992237,0.020362108945846558,0.48360921811122876,0.9817856623764536
2026,channel_outliers,adaptive_headwise,32,83776,1.5645530939648586,10.2265625,0.0076149385422468185,0.029542911797761917,0.024173159152269363,0.4991381283851528,0.9851879039799987
2026,shifted,int3_sym,32,45056,2.909090909090909,5.5,0.14275282621383667,0.16114729642868042,0.032940324395895004,4.917643846621362,4.0958252685425975
2026,shifted,int4_sym,32,52224,2.5098039215686274,6.375,0.06128351762890816,0.06941258907318115,0.013288529589772224,2.2745396055324116,1.7106232197705566
2026,shifted,int6_sym,32,66560,1.9692307692307693,8.125,0.013883729465305805,0.01566566340625286,0.0028402579482644796,0.5176252107082273,0.38359567292822316
2026,shifted,int8_sym,32,80896,1.620253164556962,9.875,0.0033599466551095247,0.0038167519960552454,0.0007374066626653075,0.11775082194990114,0.09926481562086732
2026,shifted,int4_rotated,32,52224,2.5098039215686274,6.375,0.0923658236861229,0.0926382839679718,0.019908711314201355,3.5936960470406736,2.3538389559595805
2026,shifted,int4_outliers,32,66560,1.9692307692307693,8.125,0.05528010427951813,0.06128817796707153,0.013058381155133247,1.875376936715574,1.58677360187937
2026,shifted,int4_center,32,59392,2.206896551724138,7.25,0.02846638299524784,0.03987915441393852,0.007044543046504259,1.1512341972406477,1.1790645487196676
2026,shifted,int4_rank1,32,62976,2.0813008130081303,7.6875,0.05859437957406044,0.06635573506355286,0.012803408317267895,1.9953082762295988,1.6897599048434027
2026,shifted,int4_rank2,32,73728,1.7777777777777777,9,0.05613255873322487,0.06348465383052826,0.012056376785039902,1.9755272362833713,1.5853886811406248
2026,shifted,int4_rank1_fp16,32,57600,2.2755555555555556,7.03125,0.05859437212347984,0.06635575741529465,0.012803461402654648,1.995298444923796,1.6897603318839314
2026,shifted,int4_rank2_fp16,32,62976,2.0813008130081303,7.6875,0.056132543832063675,0.06348466873168945,0.012056363746523857,1.9755077032334047,1.5853843638465404
2026,shifted,int4_rank2_bf16,32,62976,2.0813008130081303,7.6875,0.05613257735967636,0.06348466873168945,0.01205543801188469,1.9755132645838756,1.5853723704208684
2026,shifted,int4_center_rank1_fp16,32,64768,2.0237154150197627,7.90625,0.027166077867150307,0.03803984820842743,0.006741478573530912,1.033688888577416,1.0241638536391118
2026,shifted,int4_error_1_64,32,59392,2.206896551724138,7.25,0.05944177135825157,0.06716209650039673,0.012569867074489594,1.9762966794768035,1.6135236402924777
2026,shifted,int4_error_1_32,32,66560,1.9692307692307693,8.125,0.05783963203430176,0.06525681167840958,0.012303327210247517,1.895639602342133,1.6135236402924777
2026,shifted,int4_center_rank1,32,70144,1.8686131386861313,8.5625,0.027166079729795456,0.03803984820842743,0.00674149626865983,1.0336899941186042,1.0241639943453424
2026,shifted,int4_rank1_error,32,70144,1.8686131386861313,8.5625,0.05649897828698158,0.0638856366276741,0.011892314068973064,1.8488142207267533,1.489195407485957
2026,shifted,int4_center_rotated,32,59392,2.206896551724138,7.25,0.028117874637246132,0.03934065252542496,0.006725243758410215,1.1027714025291204,1.2050037986641846
2026,shifted,k_rank2_v_int4,32,62976,2.0813008130081303,7.6875,0.05613255873322487,0.06941258907318115,0.012744424864649773,1.9755272362833713,1.7106232197705566
2026,shifted,k_center_v_int4,32,55808,2.3486238532110093,6.8125,0.02846638299524784,0.06941258907318115,0.010138921439647675,1.1512341972406477,1.7106232197705566
2026,shifted,adaptive,32,60416,2.169491525423729,7.375,0.012920824810862541,0.03236108645796776,0.00424408633261919,0.48358876498461645,0.7367152605348312
2026,shifted,adaptive_extended,32,60416,2.169491525423729,7.375,0.012920824810862541,0.03236108645796776,0.00424408633261919,0.48358876498461645,0.7367152605348312
2026,shifted,adaptive_headwise,32,59904,2.1880341880341883,7.3125,0.013406283222138882,0.03236108645796776,0.004291198682039976,0.48358876498461645,0.7367152605348312
2026,page_shifts,int3_sym,32,45056,2.909090909090909,5.5,0.22334913909435272,0.20796462893486023,0.1550418883562088,15.629913888725822,13.57710012425661
2026,page_shifts,int4_sym,32,52224,2.5098039215686274,6.375,0.09497757256031036,0.08908012509346008,0.06289693713188171,6.290768051299831,5.766232664695857
2026,page_shifts,int6_sym,32,66560,1.9692307692307693,8.125,0.021591756492853165,0.02009722590446472,0.012087148614227772,1.4039840039612532,1.3194889755371648
2026,page_shifts,int8_sym,32,80896,1.620253164556962,9.875,0.005283488892018795,0.00491810729727149,0.00363293569535017,0.3576928930198618,0.31658973344759905
2026,page_shifts,int4_rotated,32,52224,2.5098039215686274,6.375,0.09290269762277603,0.08675029128789902,0.07586384564638138,5.8006731040199,5.318339599944347
2026,page_shifts,int4_outliers,32,66560,1.9692307692307693,8.125,0.07462550699710846,0.07368368655443192,0.038981229066848755,4.429183549941667,4.0988451365242025
2026,page_shifts,int4_center,32,59392,2.206896551724138,7.25,0.017518535256385803,0.01744336076080799,0.009240207262337208,1.1465348459161324,1.1735108594243282
2026,page_shifts,int4_rank1,32,62976,2.0813008130081303,7.6875,0.09073760360479355,0.0851973444223404,0.05432625487446785,5.978105215547033,5.75003951885801
2026,page_shifts,int4_rank2,32,73728,1.7777777777777777,9,0.08668019622564316,0.08157260715961456,0.0531892292201519,5.928515189040137,5.747024688723123
2026,page_shifts,int4_rank1_fp16,32,57600,2.2755555555555556,7.03125,0.09073761105537415,0.0851973295211792,0.05432579666376114,5.978104437017017,5.750041666451653
2026,page_shifts,int4_rank2_fp16,32,62976,2.0813008130081303,7.6875,0.08668018132448196,0.08157257735729218,0.05318957567214966,5.928508397427998,5.747027140849277
2026,page_shifts,int4_rank2_bf16,32,62976,2.0813008130081303,7.6875,0.08668024092912674,0.08157263696193695,0.05319122597575188,5.928350392327487,5.746999642792044
2026,page_shifts,int4_center_rank1_fp16,32,64768,2.0237154150197627,7.90625,0.01672295294702053,0.016633782535791397,0.008507116697728634,1.017820011727381,1.0395730114585842
2026,page_shifts,int4_error_1_64,32,59392,2.206896551724138,7.25,0.09132633358240128,0.08583272248506546,0.061525724828243256,5.830222037610762,5.329782934171764
2026,page_shifts,int4_error_1_32,32,66560,1.9692307692307693,8.125,0.08814475685358047,0.08295479416847229,0.05724390968680382,5.412445896572218,5.172659115311289
2026,page_shifts,int4_center_rank1,32,70144,1.8686131386861313,8.5625,0.01672295108437538,0.016633784398436546,0.00850695837289095,1.017818387990511,1.0395801533729427
2026,page_shifts,int4_rank1_error,32,70144,1.8686131386861313,8.5625,0.0865529328584671,0.08149988949298859,0.049726132303476334,5.51646094436569,5.228552722883975
2026,page_shifts,int4_center_rotated,32,59392,2.206896551724138,7.25,0.01725912280380726,0.017192482948303223,0.010846130549907684,1.1036547194060267,1.2134654912872858
2026,page_shifts,k_rank2_v_int4,32,62976,2.0813008130081303,7.6875,0.08668019622564316,0.08908012509346008,0.05409226566553116,5.928515189040137,5.766232664695857
2026,page_shifts,k_center_v_int4,32,55808,2.3486238532110093,6.8125,0.017518535256385803,0.08908012509346008,0.026132864877581596,1.1465348459161324,5.766232664695857
2026,page_shifts,adaptive,32,66560,1.9692307692307693,8.125,0.005283234175294638,0.014157281257212162,0.004774891305714846,0.3591788575586518,0.734878610850283
2026,page_shifts,adaptive_extended,32,66560,1.9692307692307693,8.125,0.005283234175294638,0.014157281257212162,0.004774891305714846,0.3591788575586518,0.734878610850283
2026,page_shifts,adaptive_headwise,32,66560,1.9692307692307693,8.125,0.005283234175294638,0.014157281257212162,0.004774891305714846,0.3591788575586518,0.734878610850283
2026,correlated,int3_sym,32,45056,2.909090909090909,5.5,0.21017418801784515,0.18509764969348907,0.4695815145969391,8.609237614272232,6.573798700496611
2026,correlated,int4_sym,32,52224,2.5098039215686274,6.375,0.09051471948623657,0.08073155581951141,0.261252760887146,3.7919255661824915,2.8902475789166857
2026,correlated,int6_sym,32,66560,1.9692307692307693,8.125,0.020458372309803963,0.018244797363877296,0.049706343561410904,0.8936309518419239,0.6311821717176289
2026,correlated,int8_sym,32,80896,1.620253164556962,9.875,0.004983475431799889,0.004460964351892471,0.017538733780384064,0.19776863001161385,0.14986613619085748
2026,correlated,int4_rotated,32,52224,2.5098039215686274,6.375,0.08511849492788315,0.0901174545288086,0.2389077991247177,3.0748361816124463,3.8600821308738413
2026,correlated,int4_outliers,32,66560,1.9692307692307693,8.125,0.07517416030168533,0.06879366189241409,0.16096721589565277,2.678533818610304,2.8515787213358554
2026,correlated,int4_center,32,59392,2.206896551724138,7.25,0.08891083300113678,0.07959926873445511,0.2839636206626892,3.7232295466805487,2.8265325061625632
2026,correlated,int4_rank1,32,62976,2.0813008130081303,7.6875,0.08160808682441711,0.07381703704595566,0.171294167637825,2.5914641024973193,1.8929676842697734
2026,correlated,int4_rank2,32,73728,1.7777777777777777,9,0.07484667748212814,0.06862064450979233,0.13824136555194855,1.871638170024691,1.8474098856850867
2026,correlated,int4_rank1_fp16,32,57600,2.2755555555555556,7.03125,0.08160807937383652,0.07381703704595566,0.17127755284309387,2.5914829592665516,1.892972898685332
2026,correlated,int4_rank2_fp16,32,62976,2.0813008130081303,7.6875,0.07484666258096695,0.06862064450979233,0.13823463022708893,1.8716272533459364,1.8474176479615736
2026,correlated,int4_rank2_bf16,32,62976,2.0813008130081303,7.6875,0.07484673708677292,0.0686207041144371,0.1382165551185608,1.871702283859198,1.8474341421731093
2026,correlated,int4_center_rank1_fp16,32,64768,2.0237154150197627,7.90625,0.08013439923524857,0.07286185026168823,0.19253088533878326,2.661916020457955,2.048372941141608
2026,correlated,int4_error_1_64,32,59392,2.206896551724138,7.25,0.08223326504230499,0.07406944036483765,0.1711157113313675,2.02434736207329,1.7470976834775742
2026,correlated,int4_error_1_32,32,66560,1.9692307692307693,8.125,0.07702399045228958,0.06970539689064026,0.14026734232902527,1.6412182872199086,1.4676221952337523
2026,correlated,int4_center_rank1,32,70144,1.8686131386861313,8.5625,0.08013439178466797,0.07286185771226883,0.19251777231693268,2.6619193043094387,2.0483716795840112
2026,correlated,int4_rank1_error,32,70144,1.8686131386861313,8.5625,0.07500386983156204,0.06822673231363297,0.14119111001491547,1.6312161714102853,1.4931871178240335
2026,correlated,int4_center_rotated,32,59392,2.206896551724138,7.25,0.0843278020620346,0.0887753814458847,0.21535058319568634,3.0254945686287398,3.906785679599055
2026,correlated,k_rank2_v_int4,32,62976,2.0813008130081303,7.6875,0.07484667748212814,0.08073155581951141,0.1419115513563156,1.871638170024691,2.8902475789166857
2026,correlated,k_center_v_int4,32,55808,2.3486238532110093,6.8125,0.08891083300113678,0.08073155581951141,0.28140854835510254,3.7232295466805487,2.8902475789166857
2026,correlated,adaptive,32,70144,1.8686131386861313,8.5625,0.004982925485819578,0.018243199214339256,0.02600073628127575,0.19726212186818812,0.6314515915572337
2026,correlated,adaptive_extended,32,70144,1.8686131386861313,8.5625,0.004982925485819578,0.018243199214339256,0.02600073628127575,0.19726212186818812,0.6314515915572337
2026,correlated,adaptive_headwise,32,67008,1.9560649474689589,8.1796875,0.012418179772794247,0.02719222567975521,0.03456582501530647,0.48938732755293124,0.9581485620672332
2027,gaussian,int3_sym,32,45056,2.909090909090909,5.5,0.21105147898197174,0.2113366574048996,0.30830299854278564,2.7920654507214526,2.675440266192405
2027,gaussian,int4_sym,32,52224,2.5098039215686274,6.375,0.08997222036123276,0.09131099283695221,0.12805497646331787,1.2276975852898238,1.1855060235867259
2027,gaussian,int6_sym,32,66560,1.9692307692307693,8.125,0.02043811045587063,0.020407086238265038,0.029813705012202263,0.2762118655318594,0.2631088001623098
2027,gaussian,int8_sym,32,80896,1.620253164556962,9.875,0.004996535833925009,0.004988863132894039,0.007419028785079718,0.0662382869689661,0.05966904084578325
2027,gaussian,int4_rotated,32,52224,2.5098039215686274,6.375,0.0908476784825325,0.09042898565530777,0.13250096142292023,1.1221510252892788,1.1499158142246866
2027,gaussian,int4_outliers,32,66560,1.9692307692307693,8.125,0.07470617443323135,0.07497688382863998,0.1089199110865593,0.9832241297000761,0.9757234908676082
2027,gaussian,int4_center,32,59392,2.206896551724138,7.25,0.08871971815824509,0.08920574188232422,0.12563617527484894,1.1328841872349014,1.0865556602323418
2027,gaussian,int4_rank1,32,62976,2.0813008130081303,7.6875,0.08579567819833755,0.08702988922595978,0.12160824239253998,1.018349370947272,1.0769141486968108
2027,gaussian,int4_rank2,32,73728,1.7777777777777777,9,0.0820920318365097,0.08306467533111572,0.11488157510757446,0.9898291195936734,0.9722064513334288
2027,gaussian,int4_rank1_fp16,32,57600,2.2755555555555556,7.03125,0.08579568564891815,0.08702988922595978,0.12160898000001907,1.0183494204212324,1.0769083105675081
2027,gaussian,int4_rank2_fp16,32,62976,2.0813008130081303,7.6875,0.0820920467376709,0.08306469768285751,0.11488360911607742,0.9898277279977549,0.9722053538627671
2027,gaussian,int4_rank2_bf16,32,62976,2.0813008130081303,7.6875,0.08209208399057388,0.0830647349357605,0.11488598585128784,0.9898652932438186,0.9722452112217891
2027,gaussian,int4_center_rank1_fp16,32,64768,2.0237154150197627,7.90625,0.08464872092008591,0.08518978208303452,0.11659814417362213,1.0691181848289877,1.0483202925300203
2027,gaussian,int4_error_1_64,32,59392,2.206896551724138,7.25,0.08655009418725967,0.08774779736995697,0.1243513748049736,0.971043383382023,0.9581454639330107
2027,gaussian,int4_error_1_32,32,66560,1.9692307692307693,8.125,0.08382304757833481,0.08490880578756332,0.11941913515329361,0.8965965792887164,0.8923475563481085
2027,gaussian,int4_center_rank1,32,70144,1.8686131386861313,8.5625,0.08464872092008591,0.08518977463245392,0.11659803986549377,1.0691320471716972,1.0483274791792658
2027,gaussian,int4_rank1_error,32,70144,1.8686131386861313,8.5625,0.0823114812374115,0.08332139253616333,0.11749953031539917,0.9339039432863521,0.9067420239403032
2027,gaussian,int4_center_rotated,32,59392,2.206896551724138,7.25,0.08939719945192337,0.08906495571136475,0.12794846296310425,1.217841811044908,1.1234750757172578
2027,gaussian,k_rank2_v_int4,32,62976,2.0813008130081303,7.6875,0.0820920318365097,0.09131099283695221,0.11957414448261261,0.9898291195936734,1.1855060235867259
2027,gaussian,k_center_v_int4,32,55808,2.3486238532110093,6.8125,0.08871971815824509,0.09131099283695221,0.13062290847301483,1.1328841872349014,1.1855060235867259
2027,gaussian,adaptive,32,56320,2.327272727272727,6.875,0.020438997074961662,0.08085993677377701,0.08351179212331772,0.27608122032417015,0.9866871477822916
2027,gaussian,adaptive_extended,32,56320,2.327272727272727,6.875,0.020438997074961662,0.08085993677377701,0.08351179212331772,0.27608122032417015,0.9866871477822916
2027,gaussian,adaptive_headwise,32,56064,2.3378995433789953,6.84375,0.020438997074961662,0.08441782742738724,0.0849144458770752,0.27608122032417015,0.9866871477822916
2027,channel_outliers,int3_sym,32,45056,2.909090909090909,5.5,0.2577703297138214,0.20726343989372253,0.7581789493560791,9.763767609009586,17.739948381695058
2027,channel_outliers,int4_sym,32,52224,2.5098039215686274,6.375,0.16774402558803558,0.0875396579504013,0.586082935333252,8.071517678241717,7.485161475638228
2027,channel_outliers,int6_sym,32,66560,1.9692307692307693,8.125,0.041572850197553635,0.019703170284628868,0.17333567142486572,2.715710792711771,1.6210597722181161
2027,channel_outliers,int8_sym,32,80896,1.620253164556962,9.875,0.010085237212479115,0.004860046785324812,0.022583836689591408,0.6529160131751816,0.42927007885574203
2027,channel_outliers,int4_rotated,32,52224,2.5098039215686274,6.375,0.06523911654949188,0.08538065105676651,0.23845812678337097,3.1172538930247597,7.426462166185631
2027,channel_outliers,int4_outliers,32,66560,1.9692307692307693,8.125,0.08425804227590561,0.07456305623054504,0.38441628217697144,6.393127406896007,6.326469294974955
2027,channel_outliers,int4_center,32,59392,2.206896551724138,7.25,0.16506418585777283,0.08593777567148209,0.5056780576705933,7.812173018566576,7.36161378293878
2027,channel_outliers,int4_rank1,32,62976,2.0813008130081303,7.6875,0.1584501564502716,0.06151135265827179,0.5559744238853455,7.110734802946322,5.9464467195915205
2027,channel_outliers,int4_rank2,32,73728,1.7777777777777777,9,0.15030471980571747,0.04085966572165489,0.5321758389472961,6.3583342587679175,1.1737591780050554
2027,channel_outliers,int4_rank1_fp16,32,57600,2.2755555555555556,7.03125,0.1584501564502716,0.061511363834142685,0.5559738874435425,7.110714526577043,5.946480032908086
2027,channel_outliers,int4_rank2_fp16,32,62976,2.0813008130081303,7.6875,0.15030473470687866,0.040859661996364594,0.5321770310401917,6.358343752211338,1.1737618605550355
2027,channel_outliers,int4_rank2_bf16,32,62976,2.0813008130081303,7.6875,0.15030480921268463,0.040860146284103394,0.5321909785270691,6.358652251176278,1.1738358896507497
2027,channel_outliers,int4_center_rank1_fp16,32,64768,2.0237154150197627,7.90625,0.15624813735485077,0.06117415800690651,0.46909257769584656,6.334964166047712,5.979198129344813
2027,channel_outliers,int4_error_1_64,32,59392,2.206896551724138,7.25,0.1566275805234909,0.06106129288673401,0.5485304594039917,6.791851443879219,4.203413873605368
2027,channel_outliers,int4_error_1_32,32,66560,1.9692307692307693,8.125,0.14870557188987732,0.04758019745349884,0.49362343549728394,5.936612985828422,2.2846873964353698
2027,channel_outliers,int4_center_rank1,32,70144,1.8686131386861313,8.5625,0.15624813735485077,0.06117415428161621,0.46907904744148254,6.334932797513424,5.979196238936828
2027,channel_outliers,int4_rank1_error,32,70144,1.8686131386861313,8.5625,0.14806297421455383,0.04551754891872406,0.5732153654098511,6.195963910710505,2.3197136315159215
2027,channel_outliers,int4_center_rotated,32,59392,2.206896551724138,7.25,0.0641988143324852,0.08478111028671265,0.26817670464515686,3.017339453863061,7.1349300634798105
2027,channel_outliers,k_rank2_v_int4,32,62976,2.0813008130081303,7.6875,0.15030471980571747,0.0875396579504013,0.5295630097389221,6.3583342587679175,7.485161475638228
2027,channel_outliers,k_center_v_int4,32,55808,2.3486238532110093,6.8125,0.16506418585777283,0.0875396579504013,0.5021106600761414,7.812173018566576,7.485161475638228
2027,channel_outliers,adaptive,32,84992,1.5421686746987953,10.375,0.008304484188556671,0.004855053033679724,0.015749115496873856,0.4896859458203048,0.42806256671744314
2027,channel_outliers,adaptive_extended,32,82432,1.5900621118012421,10.0625,0.008304484188556671,0.022148406133055687,0.029102949425578117,0.4896859458203048,0.9969593411608195
2027,channel_outliers,adaptive_headwise,32,76480,1.713807531380753,9.3359375,0.009211468510329723,0.0291511882096529,0.05619730055332184,0.4956987994274126,0.999172485775723
2027,shifted,int3_sym,32,45056,2.909090909090909,5.5,0.14412590861320496,0.16325980424880981,0.03212922438979149,4.823566182419888,4.146025324034946
2027,shifted,int4_sym,32,52224,2.5098039215686274,6.375,0.06136142462491989,0.06981237232685089,0.01322409138083458,2.051221062040155,1.736762297561448
2027,shifted,int6_sym,32,66560,1.9692307692307693,8.125,0.013898528181016445,0.015771768987178802,0.0029874674510210752,0.48648947232963846,0.39074796630806957
2027,shifted,int8_sym,32,80896,1.620253164556962,9.875,0.003392463084310293,0.00383966276422143,0.0007226070738397539,0.12369756484316038,0.099026769425475
2027,shifted,int4_rotated,32,52224,2.5098039215686274,6.375,0.09314185380935669,0.0924958884716034,0.019495150074362755,3.3172138532075457,2.398668533737376
2027,shifted,int4_outliers,32,66560,1.9692307692307693,8.125,0.05529283359646797,0.06144457310438156,0.01145019568502903,1.8664869808977833,1.5535718272264452
2027,shifted,int4_center,32,59392,2.206896551724138,7.25,0.02811288833618164,0.04010895639657974,0.006717701442539692,1.1357937234462345,1.088786667099664
2027,shifted,int4_rank1,32,62976,2.0813008130081303,7.6875,0.05875386670231819,0.0667291060090065,0.012620771303772926,2.0068595940526794,1.7250844117995077
2027,shifted,int4_rank2,32,73728,1.7777777777777777,9,0.05624311789870262,0.06385143846273422,0.01216637808829546,1.9766604802789787,1.6404067207169042
2027,shifted,int4_rank1_fp16,32,57600,2.2755555555555556,7.03125,0.05875387415289879,0.0667291134595871,0.012620767578482628,2.0068575160707898,1.7250834922552238
2027,shifted,int4_rank2_fp16,32,62976,2.0813008130081303,7.6875,0.05624314025044441,0.06385143101215363,0.012166355736553669,1.9766623784029278,1.6403861638657657
2027,shifted,int4_rank2_bf16,32,62976,2.0813008130081303,7.6875,0.05624315142631531,0.06385146826505661,0.012165973894298077,1.9767134432303923,1.6403212837682737
2027,shifted,int4_center_rank1_fp16,32,64768,2.0237154150197627,7.90625,0.026824118569493294,0.0383039265871048,0.0062395427376031876,1.1344852796852922,1.0371277604599585
2027,shifted,int4_error_1_64,32,59392,2.206896551724138,7.25,0.059549394994974136,0.06752480566501617,0.012856695801019669,1.9351439098769518,1.6192962741102683
2027,shifted,int4_error_1_32,32,66560,1.9692307692307693,8.125,0.057938966900110245,0.06560815125703812,0.012797941453754902,1.8104299963911097,1.538017649863283
2027,shifted,int4_center_rank1,32,70144,1.8686131386861313,8.5625,0.026824120432138443,0.038303930312395096,0.006239601410925388,1.1344865542332738,1.0371121722874763
2027,shifted,int4_rank1_error,32,70144,1.8686131386861313,8.5625,0.05666999891400337,0.06419399380683899,0.012152792885899544,1.8410950641936867,1.5103232164638827
2027,shifted,int4_center_rotated,32,59392,2.206896551724138,7.25,0.0283100176602602,0.040052056312561035,0.006861430127173662,1.2218245642128471,1.1250550490549907
2027,shifted,k_rank2_v_int4,32,62976,2.0813008130081303,7.6875,0.05624311789870262,0.06981237232685089,0.012719697318971157,1.9766604802789787,1.736762297561448
2027,shifted,k_center_v_int4,32,55808,2.3486238532110093,6.8125,0.02811288833618164,0.06981237232685089,0.00945198442786932,1.1357937234462345,1.736762297561448
2027,shifted,adaptive,32,59392,2.206896551724138,7.25,0.013898398727178574,0.03282029926776886,0.0044854735024273396,0.486258566910852,0.7109071570267456
2027,shifted,adaptive_extended,32,59392,2.206896551724138,7.25,0.013898398727178574,0.03282029926776886,0.0044854735024273396,0.486258566910852,0.7109071570267456
2027,shifted,adaptive_headwise,32,59392,2.206896551724138,7.25,0.013898398727178574,0.03282029926776886,0.0044854735024273396,0.486258566910852,0.7109071570267456
2027,page_shifts,int3_sym,32,45056,2.909090909090909,5.5,0.21118642389774323,0.20858052372932434,0.2533777356147766,13.887663960886261,12.867242886738998
2027,page_shifts,int4_sym,32,52224,2.5098039215686274,6.375,0.0908975750207901,0.09034457802772522,0.05884017422795296,6.052488622714491,5.33624791279842
2027,page_shifts,int6_sym,32,66560,1.9692307692307693,8.125,0.020553307607769966,0.020349951460957527,0.015998799353837967,1.3210166260301806,1.2040183876278723
2027,page_shifts,int8_sym,32,80896,1.620253164556962,9.875,0.005026964470744133,0.0049772621132433414,0.002984026912599802,0.3423162989643209,0.3175573517563586
2027,page_shifts,int4_rotated,32,52224,2.5098039215686274,6.375,0.09335187077522278,0.09055467694997787,0.051928065717220306,5.621989144066051,4.944750601634068
2027,page_shifts,int4_outliers,32,66560,1.9692307692307693,8.125,0.07337536662817001,0.07402975857257843,0.04464235156774521,4.350804454008096,4.276578531679507
2027,page_shifts,int4_center,32,59392,2.206896551724138,7.25,0.017342492938041687,0.018325498327612877,0.010329539887607098,1.1184752253307157,1.0774102312378004
2027,page_shifts,int4_rank1,32,62976,2.0813008130081303,7.6875,0.08667032420635223,0.08626841753721237,0.05670889839529991,5.99724659645411,5.031130979598763
2027,page_shifts,int4_rank2,32,73728,1.7777777777777777,9,0.08277012407779694,0.08250389248132706,0.05400161072611809,5.823354147404546,4.815634032458634
2027,page_shifts,int4_rank1_fp16,32,57600,2.2755555555555556,7.03125,0.08667033910751343,0.08626841753721237,0.05670937895774841,5.9972460888647205,5.031131897186157
2027,page_shifts,int4_rank2_fp16,32,62976,2.0813008130081303,7.6875,0.08277010172605515,0.08250389993190765,0.05400081351399422,5.823291284935286,4.815590494263646
2027,page_shifts,int4_rank2_bf16,32,62976,2.0813008130081303,7.6875,0.08277016133069992,0.08250395208597183,0.05399857461452484,5.822876108933177,4.815182005224957
2027,page_shifts,int4_center_rank1_fp16,32,64768,2.0237154150197627,7.90625,0.016545237973332405,0.01750641129910946,0.009183970279991627,1.0594029838019592,1.0102111293294889
2027,page_shifts,int4_error_1_64,32,59392,2.206896551724138,7.25,0.08759817481040955,0.08716298639774323,0.05842870846390724,5.541916367908193,5.214846390578206
2027,page_shifts,int4_error_1_32,32,66560,1.9692307692307693,8.125,0.08467283099889755,0.08434659242630005,0.05615261197090149,5.262347030084181,4.735327310680481
2027,page_shifts,int4_center_rank1,32,70144,1.8686131386861313,8.5625,0.016545239835977554,0.01750640571117401,0.009184099733829498,1.0593953208030888,1.0102106081692597
2027,page_shifts,int4_rank1_error,32,70144,1.8686131386861313,8.5625,0.08279597014188766,0.08257458359003067,0.05579356476664543,5.246049652851613,4.820669073790058
2027,page_shifts,int4_center_rotated,32,59392,2.206896551724138,7.25,0.01747874915599823,0.018307944759726524,0.01174326054751873,1.207178994436072,1.1321320490532087
2027,page_shifts,k_rank2_v_int4,32,62976,2.0813008130081303,7.6875,0.08277012407779694,0.09034457802772522,0.05463163182139397,5.823354147404546,5.33624791279842
2027,page_shifts,k_center_v_int4,32,55808,2.3486238532110093,6.8125,0.017342492938041687,0.09034457802772522,0.02866082638502121,1.1184752253307157,5.33624791279842
2027,page_shifts,adaptive,32,66560,1.9692307692307693,8.125,0.0050271498039364815,0.015011642128229141,0.00524624390527606,0.34234488016531345,0.7228659351386718
2027,page_shifts,adaptive_extended,32,66560,1.9692307692307693,8.125,0.0050271498039364815,0.015011642128229141,0.00524624390527606,0.34234488016531345,0.7228659351386718
2027,page_shifts,adaptive_headwise,32,66560,1.9692307692307693,8.125,0.0050271498039364815,0.015011642128229141,0.00524624390527606,0.34234488016531345,0.7228659351386718
2027,correlated,int3_sym,32,45056,2.909090909090909,5.5,0.2284718006849289,0.20250001549720764,0.9811298251152039,8.167035626947408,4.97422801739016
2027,correlated,int4_sym,32,52224,2.5098039215686274,6.375,0.09606233239173889,0.08653745800256729,0.3584606945514679,3.2234193345431095,2.1196281550289955
2027,correlated,int6_sym,32,66560,1.9692307692307693,8.125,0.02191295102238655,0.019472841173410416,0.06977391988039017,0.6971742234004256,0.4964714342883871
2027,correlated,int8_sym,32,80896,1.620253164556962,9.875,0.005354302003979683,0.004761421121656895,0.021790601313114166,0.18087920534873148,0.11172059076794355
2027,correlated,int4_rotated,32,52224,2.5098039215686274,6.375,0.08896441012620926,0.08673496544361115,0.30966535210609436,2.8750511818589075,2.081692317629425
2027,correlated,int4_outliers,32,66560,1.9692307692307693,8.125,0.07694879174232483,0.06912259757518768,0.305780291557312,2.7084002082639804,1.7405961998036745
2027,correlated,int4_center,32,59392,2.206896551724138,7.25,0.09520148485898972,0.08554177731275558,0.3803175985813141,3.0894754462058676,2.2917558110142635
2027,correlated,int4_rank1,32,62976,2.0813008130081303,7.6875,0.08696793019771576,0.07946497201919556,0.2176467329263687,2.1580442782273717,1.886364530392557
2027,correlated,int4_rank2,32,73728,1.7777777777777777,9,0.0806262269616127,0.07377386093139648,0.19602060317993164,1.7294398174243086,1.6339617046656152
2027,correlated,int4_rank1_fp16,32,57600,2.2755555555555556,7.03125,0.08696793019771576,0.07946497201919556,0.21765993535518646,2.1580478678563892,1.8863650155448943
2027,correlated,int4_rank2_fp16,32,62976,2.0813008130081303,7.6875,0.0806262269616127,0.07377386838197708,0.19601309299468994,1.7294481715088936,1.6339632111598512
2027,correlated,int4_rank2_bf16,32,62976,2.0813008130081303,7.6875,0.08062630146741867,0.07377394288778305,0.1959572434425354,1.7296248313152396,1.633962379928849
2027,correlated,int4_center_rank1_fp16,32,64768,2.0237154150197627,7.90625,0.08628499507904053,0.07863444834947586,0.20237822830677032,2.052445951284728,2.011150449638479
2027,correlated,int4_error_1_64,32,59392,2.206896551724138,7.25,0.08831886947154999,0.07939459383487701,0.2088089883327484,1.8367272676220399,1.4763230642687974
2027,correlated,int4_error_1_32,32,66560,1.9692307692307693,8.125,0.0831935778260231,0.07470078021287918,0.19818761944770813,1.6258297790399632,1.3080253342004236
2027,correlated,int4_center_rank1,32,70144,1.8686131386861313,8.5625,0.08628499507904053,0.07863444834947586,0.2023559808731079,2.0524586631169743,2.011151428878111
2027,correlated,int4_rank1_error,32,70144,1.8686131386861313,8.5625,0.08034570515155792,0.07275141775608063,0.16118651628494263,1.6043784977786049,1.3001508591559718
2027,correlated,int4_center_rotated,32,59392,2.206896551724138,7.25,0.08734340965747833,0.08517152816057205,0.2875124216079712,2.725444871604308,2.04465358330718
2027,correlated,k_rank2_v_int4,32,62976,2.0813008130081303,7.6875,0.0806262269616127,0.08653745800256729,0.20113146305084229,1.7294398174243086,2.1196281550289955
2027,correlated,k_center_v_int4,32,55808,2.3486238532110093,6.8125,0.09520148485898972,0.08653745800256729,0.37761667370796204,3.0894754462058676,2.1196281550289955
2027,correlated,adaptive,32,67584,1.9393939393939394,8.25,0.005352904554456472,0.05759997293353081,0.0989338606595993,0.17935667474360564,0.9540264554950845
2027,correlated,adaptive_extended,32,67584,1.9393939393939394,8.25,0.005352904554456472,0.05759997293353081,0.0989338606595993,0.17935667474360564,0.9540264554950845
2027,correlated,adaptive_headwise,32,63936,2.05005005005005,7.8046875,0.014191278256475925,0.06272432208061218,0.10637212544679642,0.4978484412926416,0.9540264554950845
2028,gaussian,int3_sym,32,45056,2.909090909090909,5.5,0.2144978940486908,0.20909839868545532,0.31877902150154114,3.1874016533408285,2.7673708450090477
2028,gaussian,int4_sym,32,52224,2.5098039215686274,6.375,0.09175590425729752,0.08935780078172684,0.12809905409812927,1.1930950334317119,1.1368504782842603
2028,gaussian,int6_sym,32,66560,1.9692307692307693,8.125,0.02070695534348488,0.020169692113995552,0.029842644929885864,0.2776158619621118,0.2677358183061379
2028,gaussian,int8_sym,32,80896,1.620253164556962,9.875,0.0050508491694927216,0.00492598582059145,0.007019863463938236,0.06986123507410495,0.062424292216473394
2028,gaussian,int4_rotated,32,52224,2.5098039215686274,6.375,0.09188860654830933,0.09079238027334213,0.13295938074588776,1.3328384810625764,1.0549405042859967
2028,gaussian,int4_outliers,32,66560,1.9692307692307693,8.125,0.0748758316040039,0.07398302108049393,0.11274748295545578,0.8795960968303583,0.9114712777889095
2028,gaussian,int4_center,32,59392,2.206896551724138,7.25,0.09020079672336578,0.08811748027801514,0.13350768387317657,1.2119055959663025,1.119560317396644
2028,gaussian,int4_rank1,32,62976,2.0813008130081303,7.6875,0.08755232393741608,0.08528491109609604,0.1225275993347168,1.0735859883354253,1.0690011004551951
2028,gaussian,int4_rank2,32,73728,1.7777777777777777,9,0.08362070471048355,0.0815262421965599,0.11773627251386642,0.9784216368368999,1.0678167406068435
2028,gaussian,int4_rank1_fp16,32,57600,2.2755555555555556,7.03125,0.08755231648683548,0.08528488874435425,0.12252821773290634,1.0735854882843723,1.0690007642085115
2028,gaussian,int4_rank2_fp16,32,62976,2.0813008130081303,7.6875,0.08362069725990295,0.0815262570977211,0.11773674935102463,0.9784208089291979,1.0678176239995494
2028,gaussian,int4_rank2_bf16,32,62976,2.0813008130081303,7.6875,0.08362076431512833,0.08152630180120468,0.1177343800663948,0.9784236580344086,1.0677550382504903
2028,gaussian,int4_center_rank1_fp16,32,64768,2.0237154150197627,7.90625,0.08601322770118713,0.08407498896121979,0.12398071587085724,0.9836210574305704,1.0620206131447285
2028,gaussian,int4_error_1_64,32,59392,2.206896551724138,7.25,0.08812376856803894,0.08582582324743271,0.12342295795679092,0.9589810263578287,0.9499259035719501
2028,gaussian,int4_error_1_32,32,66560,1.9692307692307693,8.125,0.08526383340358734,0.08303909748792648,0.11928239464759827,0.9589810263578287,0.9309270315798598
2028,gaussian,int4_center_rank1,32,70144,1.8686131386861313,8.5625,0.08601323515176773,0.0840749740600586,0.12398111820220947,0.9836214503161772,1.062011725354273
2028,gaussian,int4_rank1_error,32,70144,1.8686131386861313,8.5625,0.08384634554386139,0.08167964965105057,0.11926516890525818,0.8954368612968012,0.8868234889010315
2028,gaussian,int4_center_rotated,32,59392,2.206896551724138,7.25,0.0903698205947876,0.08853819221258163,0.1307629942893982,1.3367254770583823,1.2067828396631297
2028,gaussian,k_rank2_v_int4,32,62976,2.0813008130081303,7.6875,0.08362070471048355,0.08935780078172684,0.12281081825494766,0.9784216368368999,1.1368504782842603
2028,gaussian,k_center_v_int4,32,55808,2.3486238532110093,6.8125,0.09020079672336578,0.08935780078172684,0.13615955412387848,1.2119055959663025,1.1368504782842603
2028,gaussian,adaptive,32,55808,2.3486238532110093,6.8125,0.02070440538227558,0.08467654883861542,0.08826892077922821,0.2775988701252888,0.9998617202363294
2028,gaussian,adaptive_extended,32,55808,2.3486238532110093,6.8125,0.02070440538227558,0.08467654883861542,0.08826892077922821,0.2775988701252888,0.9998617202363294
2028,gaussian,adaptive_headwise,32,55808,2.3486238532110093,6.8125,0.02070440538227558,0.08694248646497726,0.09095663577318192,0.2775988701252888,0.9998617202363294
2028,channel_outliers,int3_sym,32,45056,2.909090909090909,5.5,0.25946351885795593,0.20089203119277954,0.7991299033164978,10.139070762629872,17.246958477577707
2028,channel_outliers,int4_sym,32,52224,2.5098039215686274,6.375,0.16853977739810944,0.08692820370197296,1.4135996103286743,7.979801999703476,7.770271931910228
2028,channel_outliers,int6_sym,32,66560,1.9692307692307693,8.125,0.04220875725150108,0.019395606592297554,0.10642550885677338,2.777827897959369,1.601638621388909
2028,channel_outliers,int8_sym,32,80896,1.620253164556962,9.875,0.010300110094249249,0.00475161150097847,0.03511499613523483,0.7027666015523224,0.39193045638939034
2028,channel_outliers,int4_rotated,32,52224,2.5098039215686274,6.375,0.06705830246210098,0.08820896595716476,0.4711824953556061,3.221998225935981,6.937075181820897
2028,channel_outliers,int4_outliers,32,66560,1.9692307692307693,8.125,0.08435454964637756,0.07178099453449249,0.29453811049461365,5.474389956567759,6.104555867519683
2028,channel_outliers,int4_center,32,59392,2.206896551724138,7.25,0.1662665605545044,0.08589519560337067,1.518734097480774,7.9259333695242535,7.3729040651591955
2028,channel_outliers,int4_rank1,32,62976,2.0813008130081303,7.6875,0.15922938287258148,0.061303187161684036,0.7554280757904053,7.408068824403057,6.153457354717946
2028,channel_outliers,int4_rank2,32,73728,1.7777777777777777,9,0.15088798105716705,0.04108791425824165,0.6399994492530823,6.573220041812705,1.0687530987497638
2028,channel_outliers,int4_rank1_fp16,32,57600,2.2755555555555556,7.03125,0.1592293679714203,0.061303190886974335,0.7554140090942383,7.408044173327748,6.1534793335685825
2028,channel_outliers,int4_rank2_fp16,32,62976,2.0813008130081303,7.6875,0.15088793635368347,0.04108792915940285,0.6399600505828857,6.573229885825653,1.0687486868721352
2028,channel_outliers,int4_rank2_bf16,32,62976,2.0813008130081303,7.6875,0.15088807046413422,0.04108835756778717,0.6405023336410522,6.573097423637895,1.0687250434940916
2028,channel_outliers,int4_center_rank1_fp16,32,64768,2.0237154150197627,7.90625,0.15731880068778992,0.06203119829297066,0.6794519424438477,7.371325323603987,6.088555814213477
2028,channel_outliers,int4_error_1_64,32,59392,2.206896551724138,7.25,0.15644976496696472,0.06120928376913071,0.4356219172477722,6.858006900310035,4.654203748234412
2028,channel_outliers,int4_error_1_32,32,66560,1.9692307692307693,8.125,0.1480158418416977,0.04795864224433899,0.3790658712387085,6.3739253346775095,2.3379198899684748
2028,channel_outliers,int4_center_rank1,32,70144,1.8686131386861313,8.5625,0.15731877088546753,0.06203119084239006,0.6795558929443359,7.371372255616099,6.088631717294458
2028,channel_outliers,int4_rank1_error,32,70144,1.8686131386861313,8.5625,0.1477745920419693,0.046000778675079346,0.7280283570289612,5.850568220423067,2.179536436482835
2028,channel_outliers,int4_center_rotated,32,59392,2.206896551724138,7.25,0.06553702056407928,0.08807706087827682,0.2438913732767105,3.2509332774995774,6.807627146843621
2028,channel_outliers,k_rank2_v_int4,32,62976,2.0813008130081303,7.6875,0.15088798105716705,0.08692820370197296,0.65101557970047,6.573220041812705,7.770271931910228
2028,channel_outliers,k_center_v_int4,32,55808,2.3486238532110093,6.8125,0.1662665605545044,0.08692820370197296,1.5159727334976196,7.9259333695242535,7.770271931910228
2028,channel_outliers,adaptive,32,96512,1.3580901856763925,11.78125,0.0052869366481900215,0.004759547766298056,0.02255873940885067,0.46725586945886954,0.3954252557186803
2028,channel_outliers,adaptive_extended,32,90624,1.4463276836158192,11.0625,0.0052869366481900215,0.03527253493666649,0.05149392783641815,0.46725586945886954,0.9760336162654041
2028,channel_outliers,adaptive_headwise,32,80000,1.6384,9.765625,0.007891464978456497,0.03683698549866676,0.058144960552453995,0.4848631736855133,0.9938099630826942
2028,shifted,int3_sym,32,45056,2.909090909090909,5.5,0.14371220767498016,0.16146297752857208,0.03357069939374924,5.249696419997003,4.017880520922398
2028,shifted,int4_sym,32,52224,2.5098039215686274,6.375,0.061334654688835144,0.06911914050579071,0.013043192215263844,2.2725522790675767,1.7228883019037131
2028,shifted,int6_sym,32,66560,1.9692307692307693,8.125,0.013803242705762386,0.015712503343820572,0.002820593537762761,0.533554473146279,0.4101093944022267
2028,shifted,int8_sym,32,80896,1.620253164556962,9.875,0.003383493283763528,0.003828856162726879,0.0006830815691500902,0.11842460511108495,0.10240777024054402
2028,shifted,int4_rotated,32,52224,2.5098039215686274,6.375,0.09334267675876617,0.09300657361745834,0.01874428242444992,3.193215640224094,2.35571808192325
2028,shifted,int4_outliers,32,66560,1.9692307692307693,8.125,0.05526219308376312,0.06112765893340111,0.011821809224784374,1.870601428766423,1.4572150869058227
2028,shifted,int4_center,32,59392,2.206896551724138,7.25,0.028497565537691116,0.039262041449546814,0.006484912242740393,1.2032550718813033,1.1202062568262008
2028,shifted,int4_rank1,32,62976,2.0813008130081303,7.6875,0.05866192653775215,0.06615152955055237,0.012515068985521793,2.0821367507360833,1.5848956384720274
2028,shifted,int4_rank2,32,73728,1.7777777777777777,9,0.05611880496144295,0.06335462629795074,0.012113134376704693,2.020190559182872,1.5495136740936917
2028,shifted,int4_rank1_fp16,32,57600,2.2755555555555556,7.03125,0.05866193398833275,0.06615154445171356,0.012515021488070488,2.082148286419726,1.5848958604419872
2028,shifted,int4_rank2_fp16,32,62976,2.0813008130081303,7.6875,0.05611879751086235,0.06335465610027313,0.012113048695027828,2.020189648869334,1.549508264149253
2028,shifted,int4_rank2_bf16,32,62976,2.0813008130081303,7.6875,0.05611884966492653,0.06335467845201492,0.012112544849514961,2.020155053546802,1.5495163539012742
2028,shifted,int4_center_rank1_fp16,32,64768,2.0237154150197627,7.90625,0.027203764766454697,0.03747599571943283,0.006142563186585903,1.0087415450399382,1.1134007004996014
2028,shifted,int4_error_1_64,32,59392,2.206896551724138,7.25,0.059423524886369705,0.06694039702415466,0.012539117597043514,1.9218797752340917,1.5542195375648542
2028,shifted,int4_error_1_32,32,66560,1.9692307692307693,8.125,0.05779746547341347,0.0650644451379776,0.012175015173852444,1.8099648376860638,1.4896452381163254
2028,shifted,int4_center_rank1,32,70144,1.8686131386861313,8.5625,0.027203772217035294,0.03747599571943283,0.006142572034150362,1.0087430739278163,1.1134054468744445
2028,shifted,int4_rank1_error,32,70144,1.8686131386861313,8.5625,0.05652470886707306,0.06371624767780304,0.011906123720109463,1.821481168742311,1.4731535752230989
2028,shifted,int4_center_rotated,32,59392,2.206896551724138,7.25,0.02853984385728836,0.03945169970393181,0.0062795537523925304,1.33714584482868,1.2065096294051305
2028,shifted,k_rank2_v_int4,32,62976,2.0813008130081303,7.6875,0.05611880496144295,0.06911914050579071,0.012506881728768349,2.020190559182872,1.7228883019037131
2028,shifted,k_center_v_int4,32,55808,2.3486238532110093,6.8125,0.028497565537691116,0.06911914050579071,0.00905914232134819,1.2032550718813033,1.7228883019037131
2028,shifted,adaptive,32,60416,2.169491525423729,7.375,0.012806658633053303,0.032193053513765335,0.004166364669799805,0.4838188424029175,0.7437363099392984
2028,shifted,adaptive_extended,32,60416,2.169491525423729,7.375,0.012806658633053303,0.032193053513765335,0.004166364669799805,0.4838188424029175,0.7437363099392984
2028,shifted,adaptive_headwise,32,59904,2.1880341880341883,7.3125,0.013289799913764,0.032193053513765335,0.004196707624942064,0.4838188424029175,0.7437363099392984
2028,page_shifts,int3_sym,32,45056,2.909090909090909,5.5,0.21579839289188385,0.21151584386825562,0.16630908846855164,12.27189058766233,15.00268251663142
2028,page_shifts,int4_sym,32,52224,2.5098039215686274,6.375,0.09282001852989197,0.09009803831577301,0.06679470837116241,5.486961938656617,6.415256290253791
2028,page_shifts,int6_sym,32,66560,1.9692307692307693,8.125,0.020863810554146767,0.020325815305113792,0.013786716386675835,1.1843153980572136,1.3562411273641037
2028,page_shifts,int8_sym,32,80896,1.620253164556962,9.875,0.005142114590853453,0.00495862914249301,0.0033259340561926365,0.2976753165371347,0.33131627381319184
2028,page_shifts,int4_rotated,32,52224,2.5098039215686274,6.375,0.09064371883869171,0.09354963898658752,0.056084830313920975,5.58117245414287,5.826159083940039
2028,page_shifts,int4_outliers,32,66560,1.9692307692307693,8.125,0.07389137893915176,0.0731370821595192,0.045371152460575104,4.160376331373085,4.951523883813651
2028,page_shifts,int4_center,32,59392,2.206896551724138,7.25,0.017791496589779854,0.016164522618055344,0.010001652874052525,1.1988546436580416,1.1207755317893182
2028,page_shifts,int4_rank1,32,62976,2.0813008130081303,7.6875,0.08872395008802414,0.0859355553984642,0.06062747910618782,5.317116513807283,6.2362678194150005
2028,page_shifts,int4_rank2,32,73728,1.7777777777777777,9,0.0848744809627533,0.08224524557590485,0.06200810894370079,5.307976393957654,5.675414151771217
2028,page_shifts,int4_rank1_fp16,32,57600,2.2755555555555556,7.03125,0.08872394263744354,0.0859355553984642,0.0606267973780632,5.3171016681964005,6.236228715364845
2028,page_shifts,int4_rank2_fp16,32,62976,2.0813008130081303,7.6875,0.0848744809627533,0.08224524557590485,0.06200772523880005,5.307949234389684,5.675417951206478
2028,page_shifts,int4_rank2_bf16,32,62976,2.0813008130081303,7.6875,0.08487454056739807,0.08224526047706604,0.06201579049229622,5.308036637853868,5.675391712200602
2028,page_shifts,int4_center_rank1_fp16,32,64768,2.0237154150197627,7.90625,0.01695665530860424,0.015446389093995094,0.009384389035403728,1.0045302971303605,1.0194595445573396
2028,page_shifts,int4_error_1_64,32,59392,2.206896551724138,7.25,0.08985404670238495,0.0869569256901741,0.06177183985710144,5.094571661217645,6.0888193424007175
2028,page_shifts,int4_error_1_32,32,66560,1.9692307692307693,8.125,0.08719251304864883,0.08421159535646439,0.06208053603768349,4.820187808818058,5.802011948374979
2028,page_shifts,int4_center_rank1,32,70144,1.8686131386861313,8.5625,0.01695665344595909,0.015446385368704796,0.009384351782500744,1.0045365248703364,1.0194870300449015
2028,page_shifts,int4_rank1_error,32,70144,1.8686131386861313,8.5625,0.08525169640779495,0.08240213990211487,0.056525085121393204,4.79911006706434,5.520990719304795
2028,page_shifts,int4_center_rotated,32,59392,2.206896551724138,7.25,0.01785287819802761,0.016236215829849243,0.01205731462687254,1.3372752558116314,1.202465722741459
2028,page_shifts,k_rank2_v_int4,32,62976,2.0813008130081303,7.6875,0.0848744809627533,0.09009803831577301,0.0631595104932785,5.307976393957654,6.415256290253791
2028,page_shifts,k_center_v_int4,32,55808,2.3486238532110093,6.8125,0.017791496589779854,0.09009803831577301,0.02689366415143013,1.1988546436580416,6.415256290253791
2028,page_shifts,adaptive,32,66560,1.9692307692307693,8.125,0.00514250760897994,0.01327830832451582,0.004856755491346121,0.2977550225066483,0.7545080624183429
2028,page_shifts,adaptive_extended,32,66560,1.9692307692307693,8.125,0.00514250760897994,0.01327830832451582,0.004856755491346121,0.2977550225066483,0.7545080624183429
2028,page_shifts,adaptive_headwise,32,66560,1.9692307692307693,8.125,0.00514250760897994,0.01327830832451582,0.004856755491346121,0.2977550225066483,0.7545080624183429
2028,correlated,int3_sym,32,45056,2.909090909090909,5.5,0.22702859342098236,0.1996973752975464,0.8768327236175537,8.614559265083503,7.010040956537058
2028,correlated,int4_sym,32,52224,2.5098039215686274,6.375,0.09611394256353378,0.08546870946884155,0.3461087942123413,3.480468344433428,3.0912591075133973
2028,correlated,int6_sym,32,66560,1.9692307692307693,8.125,0.022006703540682793,0.01916743628680706,0.07293422520160675,0.8776593570815927,0.7288379478347984
2028,correlated,int8_sym,32,80896,1.620253164556962,9.875,0.005366119556128979,0.00466855289414525,0.011071213521063328,0.20988882178062093,0.1722997593114021
2028,correlated,int4_rotated,32,52224,2.5098039215686274,6.375,0.09352721273899078,0.09110675007104874,0.288346529006958,3.7274265951565426,3.0334831401564695
2028,correlated,int4_outliers,32,66560,1.9692307692307693,8.125,0.07738553732633591,0.07462897151708603,0.21228879690170288,3.2416158441906453,2.566372029229825
2028,correlated,int4_center,32,59392,2.206896551724138,7.25,0.09462406486272812,0.08424776047468185,0.33042263984680176,3.627044462669339,3.06350895657704
2028,correlated,int4_rank1,32,62976,2.0813008130081303,7.6875,0.08717676252126694,0.07848621904850006,0.1676633656024933,2.429011002586484,2.232083091606391
2028,correlated,int4_rank2,32,73728,1.7777777777777777,9,0.08038976043462753,0.07306753844022751,0.13423240184783936,2.129917155035987,1.7643591977506181
2028,correlated,int4_rank1_fp16,32,57600,2.2755555555555556,7.03125,0.08717675507068634,0.07848621159791946,0.16766886413097382,2.429014289404559,2.2320834318989498
2028,correlated,int4_rank2_fp16,32,62976,2.0813008130081303,7.6875,0.08038976043462753,0.0730675533413887,0.13423970341682434,2.129917937175304,1.7643625948088169
2028,correlated,int4_rank2_bf16,32,62976,2.0813008130081303,7.6875,0.08038986474275589,0.07306760549545288,0.13430963456630707,2.129899429868788,1.7641708080162959
2028,correlated,int4_center_rank1_fp16,32,64768,2.0237154150197627,7.90625,0.08610573410987854,0.07701873034238815,0.19127686321735382,2.7303500626943196,2.0296773937257333
2028,correlated,int4_error_1_64,32,59392,2.206896551724138,7.25,0.08763178437948227,0.07946135103702545,0.19340753555297852,2.181907902463651,1.8186709566227084
2028,correlated,int4_error_1_32,32,66560,1.9692307692307693,8.125,0.08223572373390198,0.07517701387405396,0.1503705531358719,1.9269684184414881,1.5687210653849868
2028,correlated,int4_center_rank1,32,70144,1.8686131386861313,8.5625,0.08610574901103973,0.07701874524354935,0.19127826392650604,2.7303104899750528,2.0296713001108273
2028,correlated,int4_rank1_error,32,70144,1.8686131386861313,8.5625,0.08010540902614594,0.07316538691520691,0.15711966156959534,2.0923149790630813,1.572272270225508
2028,correlated,int4_center_rotated,32,59392,2.206896551724138,7.25,0.09270890802145004,0.08971904963254929,0.3319964110851288,3.7705871677657368,3.130731180778694
2028,correlated,k_rank2_v_int4,32,62976,2.0813008130081303,7.6875,0.08038976043462753,0.08546870946884155,0.1444358229637146,2.129917155035987,3.0912591075133973
2028,correlated,k_center_v_int4,32,55808,2.3486238532110093,6.8125,0.09462406486272812,0.08546870946884155,0.3345031142234802,3.627044462669339,3.0912591075133973
2028,correlated,adaptive,32,70144,1.8686131386861313,8.5625,0.005366957746446133,0.019166454672813416,0.02481531910598278,0.210324978720377,0.7288862415768974
2028,correlated,adaptive_extended,32,70144,1.8686131386861313,8.5625,0.005366957746446133,0.019166454672813416,0.02481531910598278,0.210324978720377,0.7288862415768974
2028,correlated,adaptive_headwise,32,66304,1.9768339768339769,8.09375,0.013344847597181797,0.034233056008815765,0.03376052901148796,0.49993750155522,0.9881156771616738
