format,attention_backend,kv_budget_mib,round,context,batch,query_tokens,processed_tokens_per_call,stage,p50_ms,p95_ms,tokens_per_second_p50,kv_cache_bytes,kv_cache_mib,runtime_peak_allocated_bytes,runtime_peak_increment_bytes,output_relative_l2_vs_bf16,output_max_abs_vs_bf16,compression_vs_bf16,bf16_cache_writer,quantized_cache_writer
bf16,flashinfer,,1,1024,1,1,1,cache_write,0.061153,0.123874,16352.941974297079,4194304,4.0,469915648,0,0.0,0.0,1.0,triton_standalone,
bf16,flashinfer,,1,1024,1,1,1,attention,0.079759,0.123776,12537.774764314545,4194304,4.0,469923840,8192,0.0,0.0,1.0,triton_standalone,
bf16,flashinfer,,1,1024,1,1,1,full_call,0.14629799999999998,0.188209,6835.439803568102,4194304,4.0,469923840,8192,0.0,0.0,1.0,triton_standalone,
fp8_e4m3,flashinfer,,1,1024,1,1,1,cache_write,0.058457,0.110452,17106.591169577638,2162688,2.0625,467884032,0,0.03749528527259827,0.00927734375,1.9393939393939394,triton_standalone,fused_triton
fp8_e4m3,flashinfer,,1,1024,1,1,1,attention,0.08053750000000001,0.121909,12416.580632000243,2162688,2.0625,467892224,8192,0.03749528527259827,0.00927734375,1.9393939393939394,triton_standalone,fused_triton
fp8_e4m3,flashinfer,,1,1024,1,1,1,full_call,0.1379185,0.232654,7250.659800263421,2162688,2.0625,467892224,8192,0.03749528527259827,0.00927734375,1.9393939393939394,triton_standalone,fused_triton
fp8_e5m2,flashinfer,,1,1024,1,1,1,cache_write,0.054737,0.087735,18269.178069678645,2162688,2.0625,467884032,0,0.07480024546384811,0.01416015625,1.9393939393939394,triton_standalone,fused_triton
fp8_e5m2,flashinfer,,1,1024,1,1,1,attention,0.08279,0.124944,12078.757703793985,2162688,2.0625,467892224,8192,0.07480024546384811,0.01416015625,1.9393939393939394,triton_standalone,fused_triton
fp8_e5m2,flashinfer,,1,1024,1,1,1,full_call,0.13938699999999998,0.163916,7174.271083959425,2162688,2.0625,467892224,8192,0.07480024546384811,0.01416015625,1.9393939393939394,triton_standalone,fused_triton
bf16,flashinfer,,1,1024,1,16,16,cache_write,0.056009,0.105165,285669.2493064287,4194304,4.0,470038016,0,0.0,0.0,1.0,triton_standalone,
bf16,flashinfer,,1,1024,1,16,16,attention,0.12279,0.157844,130303.77066536363,4194304,4.0,470169088,131072,0.0,0.0,1.0,triton_standalone,
bf16,flashinfer,,1,1024,1,16,16,full_call,0.1764485,0.216693,90678.26742181196,4194304,4.0,470169088,131072,0.0,0.0,1.0,triton_standalone,
fp8_e4m3,flashinfer,,1,1024,1,16,16,cache_write,0.059779,0.103402,267652.6999475622,2162688,2.0625,468006400,0,0.03791607916355133,0.0146484375,1.9393939393939394,triton_standalone,fused_triton
fp8_e4m3,flashinfer,,1,1024,1,16,16,attention,0.1229365,0.150598,130148.5115506268,2162688,2.0625,468137472,131072,0.03791607916355133,0.0146484375,1.9393939393939394,triton_standalone,fused_triton
fp8_e4m3,flashinfer,,1,1024,1,16,16,full_call,0.183891,0.284355,87008.0645599839,2162688,2.0625,468137472,131072,0.03791607916355133,0.0146484375,1.9393939393939394,triton_standalone,fused_triton
fp8_e5m2,flashinfer,,1,1024,1,16,16,cache_write,0.054834,0.089987,291789.765473976,2162688,2.0625,468006400,0,0.07531541585922241,0.0322265625,1.9393939393939394,triton_standalone,fused_triton
fp8_e5m2,flashinfer,,1,1024,1,16,16,attention,0.123965,0.149619,129068.68874279031,2162688,2.0625,468137472,131072,0.07531541585922241,0.0322265625,1.9393939393939394,triton_standalone,fused_triton
fp8_e5m2,flashinfer,,1,1024,1,16,16,full_call,0.1912835,0.23706,83645.74726243112,2162688,2.0625,468137472,131072,0.07531541585922241,0.0322265625,1.9393939393939394,triton_standalone,fused_triton
bf16,flashinfer,,1,1024,4,1,4,cache_write,0.140415,0.189962,28486.99888496538,16777216,16.0,495147520,16896,0.0,0.0,1.0,triton_standalone,
bf16,flashinfer,,1,1024,4,1,4,attention,0.086805,0.126217,46080.30959699789,16777216,16.0,495163392,32768,0.0,0.0,1.0,triton_standalone,
bf16,flashinfer,,1,1024,4,1,4,full_call,0.2172215,0.333608,18414.391850746055,16777216,16.0,495163392,32768,0.0,0.0,1.0,triton_standalone,
fp8_e4m3,flashinfer,,1,1024,4,1,4,cache_write,0.37956199999999995,0.430134,10538.462930070145,8650752,8.25,487021056,16896,0.038377050310373306,0.009765625,1.9393939393939394,triton_standalone,fused_triton
fp8_e4m3,flashinfer,,1,1024,4,1,4,attention,0.16787249999999998,0.217172,23827.657806668656,8650752,8.25,487036928,32768,0.038377050310373306,0.009765625,1.9393939393939394,triton_standalone,fused_triton
fp8_e4m3,flashinfer,,1,1024,4,1,4,full_call,0.544253,0.615387,7349.526026898748,8650752,8.25,487036928,32768,0.038377050310373306,0.009765625,1.9393939393939394,triton_standalone,fused_triton
fp8_e5m2,flashinfer,,1,1024,4,1,4,cache_write,0.1400165,0.209339,28568.18714926535,8650752,8.25,487021056,16896,0.07546332478523254,0.021484375,1.9393939393939394,triton_standalone,fused_triton
fp8_e5m2,flashinfer,,1,1024,4,1,4,attention,0.0896885,0.181238,44598.80586835899,8650752,8.25,487036928,32768,0.07546332478523254,0.021484375,1.9393939393939394,triton_standalone,fused_triton
fp8_e5m2,flashinfer,,1,1024,4,1,4,full_call,0.214039,0.282285,18688.182994687882,8650752,8.25,487036928,32768,0.07546332478523254,0.021484375,1.9393939393939394,triton_standalone,fused_triton
bf16,flashinfer,,1,1024,4,16,64,cache_write,0.057867,0.102221,1105984.412532186,16777216,16.0,495884288,0,0.0,0.0,1.0,triton_standalone,
bf16,flashinfer,,1,1024,4,16,64,attention,0.154802,0.244491,413431.35101613676,16777216,16.0,496408576,524288,0.0,0.0,1.0,triton_standalone,
bf16,flashinfer,,1,1024,4,16,64,full_call,0.212081,0.261822,301771.49296730966,16777216,16.0,496408576,524288,0.0,0.0,1.0,triton_standalone,
fp8_e4m3,flashinfer,,1,1024,4,16,64,cache_write,0.054636,0.062371,1171388.8278790542,8650752,8.25,487757824,0,0.03844146430492401,0.02734375,1.9393939393939394,triton_standalone,fused_triton
fp8_e4m3,flashinfer,,1,1024,4,16,64,attention,0.15857100000000002,0.216683,403604.73296614096,8650752,8.25,488282112,524288,0.03844146430492401,0.02734375,1.9393939393939394,triton_standalone,fused_triton
fp8_e4m3,flashinfer,,1,1024,4,16,64,full_call,0.22813850000000002,0.361399,280531.3438999003,8650752,8.25,488282112,524288,0.03844146430492401,0.02734375,1.9393939393939394,triton_standalone,fused_triton
fp8_e5m2,flashinfer,,1,1024,4,16,64,cache_write,0.055713,0.068147,1148744.4582054457,8650752,8.25,487757824,0,0.07601310312747955,0.0322265625,1.9393939393939394,triton_standalone,fused_triton
fp8_e5m2,flashinfer,,1,1024,4,16,64,attention,0.156858,0.212179,408012.34237335675,8650752,8.25,488282112,524288,0.07601310312747955,0.0322265625,1.9393939393939394,triton_standalone,fused_triton
fp8_e5m2,flashinfer,,1,1024,4,16,64,full_call,0.2182005,0.316457,293308.35284554516,8650752,8.25,488282112,524288,0.07601310312747955,0.0322265625,1.9393939393939394,triton_standalone,fused_triton
bf16,flashinfer,,1,4096,1,1,1,cache_write,0.117888,0.208556,8482.627578718784,16777216,16.0,495106048,0,0.0,0.0,1.0,triton_standalone,
bf16,flashinfer,,1,4096,1,1,1,attention,0.16919499999999998,0.23088,5910.357985767254,16777216,16.0,495114240,8192,0.0,0.0,1.0,triton_standalone,
bf16,flashinfer,,1,4096,1,1,1,full_call,0.190344,0.32145,5254.002112207501,16777216,16.0,495114240,8192,0.0,0.0,1.0,triton_standalone,
fp8_e4m3,flashinfer,,1,4096,1,1,1,cache_write,0.059725,0.105645,16743.407283382166,8650752,8.25,486979584,0,0.03688289597630501,0.00390625,1.9393939393939394,triton_standalone,fused_triton
fp8_e4m3,flashinfer,,1,4096,1,1,1,attention,0.08855950000000001,0.111421,11291.846723676554,8650752,8.25,486987776,8192,0.03688289597630501,0.00390625,1.9393939393939394,triton_standalone,fused_triton
fp8_e4m3,flashinfer,,1,4096,1,1,1,full_call,0.149899,0.211191,6671.1585801106075,8650752,8.25,486987776,8192,0.03688289597630501,0.00390625,1.9393939393939394,triton_standalone,fused_triton
fp8_e5m2,flashinfer,,1,4096,1,1,1,cache_write,0.056640499999999996,0.102707,17655.22486135199,8650752,8.25,486979584,0,0.07411367446184158,0.0068359375,1.9393939393939394,triton_standalone,fused_triton
fp8_e5m2,flashinfer,,1,4096,1,1,1,attention,0.0894405,0.157537,11180.620706464546,8650752,8.25,486987776,8192,0.07411367446184158,0.0068359375,1.9393939393939394,triton_standalone,fused_triton
fp8_e5m2,flashinfer,,1,4096,1,1,1,full_call,0.1488715,0.205121,6717.203132469496,8650752,8.25,486987776,8192,0.07411367446184158,0.0068359375,1.9393939393939394,triton_standalone,fused_triton
bf16,flashinfer,,1,4096,1,16,16,cache_write,0.052676,0.085769,303743.6403675298,16777216,16.0,495228416,0,0.0,0.0,1.0,triton_standalone,
bf16,flashinfer,,1,4096,1,16,16,attention,0.146032,0.188476,109565.03917925351,16777216,16.0,495359488,131072,0.0,0.0,1.0,triton_standalone,
bf16,flashinfer,,1,4096,1,16,16,full_call,0.20468,0.268174,78170.91520720173,16777216,16.0,495359488,131072,0.0,0.0,1.0,triton_standalone,
fp8_e4m3,flashinfer,,1,4096,1,16,16,cache_write,0.058794,0.10584,272136.80160197895,8650752,8.25,487101952,0,0.03835581988096237,0.0052490234375,1.9393939393939394,triton_standalone,fused_triton
fp8_e4m3,flashinfer,,1,4096,1,16,16,attention,0.14950799999999997,0.198071,107017.73065345701,8650752,8.25,487233024,131072,0.03835581988096237,0.0052490234375,1.9393939393939394,triton_standalone,fused_triton
fp8_e4m3,flashinfer,,1,4096,1,16,16,full_call,0.405002,0.546726,39506.14447181394,8650752,8.25,487233024,131072,0.03835581988096237,0.0052490234375,1.9393939393939394,triton_standalone,fused_triton
fp8_e5m2,flashinfer,,1,4096,1,16,16,cache_write,0.1281545,0.214421,124849.32161614802,8650752,8.25,487101952,0,0.07593663036823273,0.01171875,1.9393939393939394,triton_standalone,fused_triton
fp8_e5m2,flashinfer,,1,4096,1,16,16,attention,0.179307,0.299412,89249.7834880285,8650752,8.25,487233024,131072,0.07593663036823273,0.01171875,1.9393939393939394,triton_standalone,fused_triton
fp8_e5m2,flashinfer,,1,4096,1,16,16,full_call,0.215058,0.27351,74398.57054281683,8650752,8.25,487233024,131072,0.07593663036823273,0.01171875,1.9393939393939394,triton_standalone,fused_triton
bf16,flashinfer,,1,4096,4,1,4,cache_write,0.125505,0.183507,31871.240189633874,67108864,64.0,595909120,16896,0.0,0.0,1.0,triton_standalone,
bf16,flashinfer,,1,4096,4,1,4,attention,0.242101,0.280611,16522.030061833695,67108864,64.0,595924992,32768,0.0,0.0,1.0,triton_standalone,
bf16,flashinfer,,1,4096,4,1,4,full_call,0.3960005,0.587502,10101.007679079881,67108864,64.0,595924992,32768,0.0,0.0,1.0,triton_standalone,
fp8_e4m3,flashinfer,,1,4096,4,1,4,cache_write,0.14300000000000002,0.2235,27972.082687823735,34603008,33.0,563403264,16896,0.038913700729608536,0.004364013671875,1.9393939393939394,triton_standalone,fused_triton
fp8_e4m3,flashinfer,,1,4096,4,1,4,attention,0.1234,0.1642,32414.91085899514,34603008,33.0,563419136,32768,0.038913700729608536,0.004364013671875,1.9393939393939394,triton_standalone,fused_triton
fp8_e4m3,flashinfer,,1,4096,4,1,4,full_call,0.25595,0.381301,15628.100662186956,34603008,33.0,563419136,32768,0.038913700729608536,0.004364013671875,1.9393939393939394,triton_standalone,fused_triton
fp8_e5m2,flashinfer,,1,4096,4,1,4,cache_write,0.265992,0.430101,15038.054758901137,34603008,33.0,563403264,16896,0.07621623575687408,0.008544921875,1.9393939393939394,triton_standalone,fused_triton
fp8_e5m2,flashinfer,,1,4096,4,1,4,attention,0.16434500000000002,0.214194,24339.063142723808,34603008,33.0,563419136,32768,0.07621623575687408,0.008544921875,1.9393939393939394,triton_standalone,fused_triton
fp8_e5m2,flashinfer,,1,4096,4,1,4,full_call,0.369889,0.398188,10814.0558177169,34603008,33.0,563419136,32768,0.07621623575687408,0.008544921875,1.9393939393939394,triton_standalone,fused_triton
bf16,flashinfer,,1,4096,4,16,64,cache_write,0.055898,0.106697,1144946.2382869609,67108864,64.0,596645888,0,0.0,0.0,1.0,triton_standalone,
bf16,flashinfer,,1,4096,4,16,64,attention,0.476386,0.571883,134344.8616884977,67108864,64.0,597170176,524288,0.0,0.0,1.0,triton_standalone,
bf16,flashinfer,,1,4096,4,16,64,full_call,0.66543,0.819376,96178.41149533284,67108864,64.0,597170176,524288,0.0,0.0,1.0,triton_standalone,
fp8_e4m3,flashinfer,,1,4096,4,16,64,cache_write,0.124246,0.151795,515107.209605652,34603008,33.0,564140032,0,0.03884033486247063,0.0054931640625,1.9393939393939394,triton_standalone,fused_triton
fp8_e4m3,flashinfer,,1,4096,4,16,64,attention,0.33649,0.433887,190198.83399933565,34603008,33.0,564664320,524288,0.03884033486247063,0.0054931640625,1.9393939393939394,triton_standalone,fused_triton
fp8_e4m3,flashinfer,,1,4096,4,16,64,full_call,0.3179405,0.368989,201295.53049901675,34603008,33.0,564664320,524288,0.03884033486247063,0.0054931640625,1.9393939393939394,triton_standalone,fused_triton
fp8_e5m2,flashinfer,,1,4096,4,16,64,cache_write,0.06254799999999999,0.158706,1023281.4047725628,34603008,33.0,564140032,0,0.07645705342292786,0.01220703125,1.9393939393939394,triton_standalone,fused_triton
fp8_e5m2,flashinfer,,1,4096,4,16,64,attention,0.26273250000000004,0.314162,243593.77832768043,34603008,33.0,564664320,524288,0.07645705342292786,0.01220703125,1.9393939393939394,triton_standalone,fused_triton
fp8_e5m2,flashinfer,,1,4096,4,16,64,full_call,0.32594049999999997,0.358535,196354.85617820005,34603008,33.0,564664320,524288,0.07645705342292786,0.01220703125,1.9393939393939394,triton_standalone,fused_triton
bf16,flashinfer,,2,1024,1,1,1,cache_write,0.089456,0.147435,11178.680021463068,4194304,4.0,469915648,0,0.0,0.0,1.0,triton_standalone,
bf16,flashinfer,,2,1024,1,1,1,attention,0.09732550000000001,0.1451,10279.051684499365,4194304,4.0,469923840,8192,0.0,0.0,1.0,triton_standalone,
bf16,flashinfer,,2,1024,1,1,1,full_call,0.138093,0.200235,7241.496672532279,4194304,4.0,469923840,8192,0.0,0.0,1.0,triton_standalone,
fp8_e4m3,flashinfer,,2,1024,1,1,1,cache_write,0.0565065,0.092908,17697.093231836807,2162688,2.0625,467884032,0,0.03749528527259827,0.00927734375,1.9393939393939394,triton_standalone,fused_triton
fp8_e4m3,flashinfer,,2,1024,1,1,1,attention,0.083566,0.106515,11966.589282722638,2162688,2.0625,467892224,8192,0.03749528527259827,0.00927734375,1.9393939393939394,triton_standalone,fused_triton
fp8_e4m3,flashinfer,,2,1024,1,1,1,full_call,0.142053,0.184598,7039.6260550639545,2162688,2.0625,467892224,8192,0.03749528527259827,0.00927734375,1.9393939393939394,triton_standalone,fused_triton
fp8_e5m2,flashinfer,,2,1024,1,1,1,cache_write,0.055999,0.118293,17857.829137343804,2162688,2.0625,467884032,0,0.07480024546384811,0.01416015625,1.9393939393939394,triton_standalone,fused_triton
fp8_e5m2,flashinfer,,2,1024,1,1,1,attention,0.0818915,0.102656,12211.284202653049,2162688,2.0625,467892224,8192,0.07480024546384811,0.01416015625,1.9393939393939394,triton_standalone,fused_triton
fp8_e5m2,flashinfer,,2,1024,1,1,1,full_call,0.22739700000000002,0.322691,4397.597359705187,2162688,2.0625,467892224,8192,0.07480024546384811,0.01416015625,1.9393939393939394,triton_standalone,fused_triton
bf16,flashinfer,,2,1024,1,16,16,cache_write,0.08859249999999999,0.100016,180602.2541283979,4194304,4.0,470038016,0,0.0,0.0,1.0,triton_standalone,
bf16,flashinfer,,2,1024,1,16,16,attention,0.1750025,0.235063,91427.27293802977,4194304,4.0,470169088,131072,0.0,0.0,1.0,triton_standalone,
bf16,flashinfer,,2,1024,1,16,16,full_call,0.26004150000000004,0.308171,61528.640621051454,4194304,4.0,470169088,131072,0.0,0.0,1.0,triton_standalone,
fp8_e4m3,flashinfer,,2,1024,1,16,16,cache_write,0.06437599999999999,0.116364,248579.3769310963,2162688,2.0625,468006400,0,0.03791607916355133,0.0146484375,1.9393939393939394,triton_standalone,fused_triton
fp8_e4m3,flashinfer,,2,1024,1,16,16,attention,0.12936,0.16957,123685.83797155226,2162688,2.0625,468137472,131072,0.03791607916355133,0.0146484375,1.9393939393939394,triton_standalone,fused_triton
fp8_e4m3,flashinfer,,2,1024,1,16,16,full_call,0.1887615,0.233743,84763.07205765003,2162688,2.0625,468137472,131072,0.03791607916355133,0.0146484375,1.9393939393939394,triton_standalone,fused_triton
fp8_e5m2,flashinfer,,2,1024,1,16,16,cache_write,0.056659,0.095142,282391.1470375404,2162688,2.0625,468006400,0,0.07531541585922241,0.0322265625,1.9393939393939394,triton_standalone,fused_triton
fp8_e5m2,flashinfer,,2,1024,1,16,16,attention,0.1320515,0.160533,121165.72672018755,2162688,2.0625,468137472,131072,0.07531541585922241,0.0322265625,1.9393939393939394,triton_standalone,fused_triton
fp8_e5m2,flashinfer,,2,1024,1,16,16,full_call,0.19069049999999999,0.229885,83905.5957171962,2162688,2.0625,468137472,131072,0.07531541585922241,0.0322265625,1.9393939393939394,triton_standalone,fused_triton
bf16,flashinfer,,2,1024,4,1,4,cache_write,0.1447945,0.163884,27625.372272899767,16777216,16.0,495147520,16896,0.0,0.0,1.0,triton_standalone,
bf16,flashinfer,,2,1024,4,1,4,attention,0.0908775,0.134133,44015.35022158953,16777216,16.0,495163392,32768,0.0,0.0,1.0,triton_standalone,
bf16,flashinfer,,2,1024,4,1,4,full_call,0.22668549999999998,0.353965,17645.59355810537,16777216,16.0,495163392,32768,0.0,0.0,1.0,triton_standalone,
fp8_e4m3,flashinfer,,2,1024,4,1,4,cache_write,0.1400225,0.184902,28567.79936800177,8650752,8.25,487021056,16896,0.038377050310373306,0.009765625,1.9393939393939394,triton_standalone,fused_triton
fp8_e4m3,flashinfer,,2,1024,4,1,4,attention,0.0909285,0.129564,43990.62157403337,8650752,8.25,487036928,32768,0.038377050310373306,0.009765625,1.9393939393939394,triton_standalone,fused_triton
fp8_e4m3,flashinfer,,2,1024,4,1,4,full_call,0.2252135,0.344319,17760.928241257738,8650752,8.25,487036928,32768,0.038377050310373306,0.009765625,1.9393939393939394,triton_standalone,fused_triton
fp8_e5m2,flashinfer,,2,1024,4,1,4,cache_write,0.14372849999999998,0.175256,27830.252829513574,8650752,8.25,487021056,16896,0.07546332478523254,0.021484375,1.9393939393939394,triton_standalone,fused_triton
fp8_e5m2,flashinfer,,2,1024,4,1,4,attention,0.090979,0.132508,43966.18999989008,8650752,8.25,487036928,32768,0.07546332478523254,0.021484375,1.9393939393939394,triton_standalone,fused_triton
fp8_e5m2,flashinfer,,2,1024,4,1,4,full_call,0.2252135,0.305024,17760.95710148091,8650752,8.25,487036928,32768,0.07546332478523254,0.021484375,1.9393939393939394,triton_standalone,fused_triton
bf16,flashinfer,,2,1024,4,16,64,cache_write,0.0556945,0.107632,1149126.9805546438,16777216,16.0,495884288,0,0.0,0.0,1.0,triton_standalone,
bf16,flashinfer,,2,1024,4,16,64,attention,0.1635795,0.229173,391247.0694714065,16777216,16.0,496408576,524288,0.0,0.0,1.0,triton_standalone,
bf16,flashinfer,,2,1024,4,16,64,full_call,0.21907100000000002,0.280653,292143.1227118311,16777216,16.0,496408576,524288,0.0,0.0,1.0,triton_standalone,
fp8_e4m3,flashinfer,,2,1024,4,16,64,cache_write,0.0926545,0.142155,690738.3858581898,8650752,8.25,487757824,0,0.03844146430492401,0.02734375,1.9393939393939394,triton_standalone,fused_triton
fp8_e4m3,flashinfer,,2,1024,4,16,64,attention,0.2182075,0.23618,293298.87307973206,8650752,8.25,488282112,524288,0.03844146430492401,0.02734375,1.9393939393939394,triton_standalone,fused_triton
fp8_e4m3,flashinfer,,2,1024,4,16,64,full_call,0.29984500000000003,0.371024,213443.636750811,8650752,8.25,488282112,524288,0.03844146430492401,0.02734375,1.9393939393939394,triton_standalone,fused_triton
fp8_e5m2,flashinfer,,2,1024,4,16,64,cache_write,0.05655,0.064961,1131741.8213969937,8650752,8.25,487757824,0,0.07601310312747955,0.0322265625,1.9393939393939394,triton_standalone,fused_triton
fp8_e5m2,flashinfer,,2,1024,4,16,64,attention,0.15992,0.202586,400200.2596800389,8650752,8.25,488282112,524288,0.07601310312747955,0.0322265625,1.9393939393939394,triton_standalone,fused_triton
fp8_e5m2,flashinfer,,2,1024,4,16,64,full_call,0.225996,0.284775,283191.36535497534,8650752,8.25,488282112,524288,0.07601310312747955,0.0322265625,1.9393939393939394,triton_standalone,fused_triton
bf16,flashinfer,,2,4096,1,1,1,cache_write,0.0598435,0.102256,16710.2644750607,16777216,16.0,495106048,0,0.0,0.0,1.0,triton_standalone,
bf16,flashinfer,,2,4096,1,1,1,attention,0.0897395,0.118774,11143.368490757468,16777216,16.0,495114240,8192,0.0,0.0,1.0,triton_standalone,
bf16,flashinfer,,2,4096,1,1,1,full_call,0.1496335,0.2188,6682.996213417253,16777216,16.0,495114240,8192,0.0,0.0,1.0,triton_standalone,
fp8_e4m3,flashinfer,,2,4096,1,1,1,cache_write,0.059742500000000004,0.108843,16738.51470097692,8650752,8.25,486979584,0,0.03688289597630501,0.00390625,1.9393939393939394,triton_standalone,fused_triton
fp8_e4m3,flashinfer,,2,4096,1,1,1,attention,0.090601,0.120194,11037.405768148255,8650752,8.25,486987776,8192,0.03688289597630501,0.00390625,1.9393939393939394,triton_standalone,fused_triton
fp8_e4m3,flashinfer,,2,4096,1,1,1,full_call,0.152826,0.190425,6543.389213877221,8650752,8.25,486987776,8192,0.03688289597630501,0.00390625,1.9393939393939394,triton_standalone,fused_triton
fp8_e5m2,flashinfer,,2,4096,1,1,1,cache_write,0.062732,0.164379,15940.827647771473,8650752,8.25,486979584,0,0.07411367446184158,0.0068359375,1.9393939393939394,triton_standalone,fused_triton
fp8_e5m2,flashinfer,,2,4096,1,1,1,attention,0.091716,0.156373,10903.222992716646,8650752,8.25,486987776,8192,0.07411367446184158,0.0068359375,1.9393939393939394,triton_standalone,fused_triton
fp8_e5m2,flashinfer,,2,4096,1,1,1,full_call,0.156373,0.265621,6394.990052125392,8650752,8.25,486987776,8192,0.07411367446184158,0.0068359375,1.9393939393939394,triton_standalone,fused_triton
bf16,flashinfer,,2,4096,1,16,16,cache_write,0.0619205,0.131746,258398.6098621756,16777216,16.0,495228416,0,0.0,0.0,1.0,triton_standalone,
bf16,flashinfer,,2,4096,1,16,16,attention,0.198025,0.284471,80797.9639644251,16777216,16.0,495359488,131072,0.0,0.0,1.0,triton_standalone,
bf16,flashinfer,,2,4096,1,16,16,full_call,0.286346,0.357641,55876.45892573723,16777216,16.0,495359488,131072,0.0,0.0,1.0,triton_standalone,
fp8_e4m3,flashinfer,,2,4096,1,16,16,cache_write,0.064809,0.110667,246879.4443378306,8650752,8.25,487101952,0,0.03835581988096237,0.0052490234375,1.9393939393939394,triton_standalone,fused_triton
fp8_e4m3,flashinfer,,2,4096,1,16,16,attention,0.151914,0.171271,105322.79495246179,8650752,8.25,487233024,131072,0.03835581988096237,0.0052490234375,1.9393939393939394,triton_standalone,fused_triton
fp8_e4m3,flashinfer,,2,4096,1,16,16,full_call,0.21094649999999998,0.264506,75848.61999121252,8650752,8.25,487233024,131072,0.03835581988096237,0.0052490234375,1.9393939393939394,triton_standalone,fused_triton
fp8_e5m2,flashinfer,,2,4096,1,16,16,cache_write,0.055637,0.067293,287578.41005086544,8650752,8.25,487101952,0,0.07593663036823273,0.01171875,1.9393939393939394,triton_standalone,fused_triton
fp8_e5m2,flashinfer,,2,4096,1,16,16,attention,0.15313,0.210085,104486.38411806962,8650752,8.25,487233024,131072,0.07593663036823273,0.01171875,1.9393939393939394,triton_standalone,fused_triton
fp8_e5m2,flashinfer,,2,4096,1,16,16,full_call,0.2209795,0.354702,72408.10834544167,8650752,8.25,487233024,131072,0.07593663036823273,0.01171875,1.9393939393939394,triton_standalone,fused_triton
bf16,flashinfer,,2,4096,4,1,4,cache_write,0.143553,0.223361,27864.304365591524,67108864,64.0,595909120,16896,0.0,0.0,1.0,triton_standalone,
bf16,flashinfer,,2,4096,4,1,4,attention,0.40958,0.454019,9766.119921989999,67108864,64.0,595924992,32768,0.0,0.0,1.0,triton_standalone,
bf16,flashinfer,,2,4096,4,1,4,full_call,0.555538,0.68265,7200.2277651813565,67108864,64.0,595924992,32768,0.0,0.0,1.0,triton_standalone,
fp8_e4m3,flashinfer,,2,4096,4,1,4,cache_write,0.14361400000000002,0.212867,27852.468984812796,34603008,33.0,563403264,16896,0.038913700729608536,0.004364013671875,1.9393939393939394,triton_standalone,fused_triton
fp8_e4m3,flashinfer,,2,4096,4,1,4,attention,0.12499850000000001,0.161067,32000.43101257737,34603008,33.0,563419136,32768,0.038913700729608536,0.004364013671875,1.9393939393939394,triton_standalone,fused_triton
fp8_e4m3,flashinfer,,2,4096,4,1,4,full_call,0.2628965,0.329823,15215.140837434272,34603008,33.0,563419136,32768,0.038913700729608536,0.004364013671875,1.9393939393939394,triton_standalone,fused_triton
fp8_e5m2,flashinfer,,2,4096,4,1,4,cache_write,0.1444745,0.209731,27686.54676117868,34603008,33.0,563403264,16896,0.07621623575687408,0.008544921875,1.9393939393939394,triton_standalone,fused_triton
fp8_e5m2,flashinfer,,2,4096,4,1,4,attention,0.124537,0.149303,32118.96865991633,34603008,33.0,563419136,32768,0.07621623575687408,0.008544921875,1.9393939393939394,triton_standalone,fused_triton
fp8_e5m2,flashinfer,,2,4096,4,1,4,full_call,0.2540875,0.317459,15742.60835348252,34603008,33.0,563419136,32768,0.07621623575687408,0.008544921875,1.9393939393939394,triton_standalone,fused_triton
bf16,flashinfer,,2,4096,4,16,64,cache_write,0.055701,0.067282,1148992.8649336551,67108864,64.0,596645888,0,0.0,0.0,1.0,triton_standalone,
bf16,flashinfer,,2,4096,4,16,64,attention,0.46681300000000003,0.53595,137099.94405325677,67108864,64.0,597170176,524288,0.0,0.0,1.0,triton_standalone,
bf16,flashinfer,,2,4096,4,16,64,full_call,0.5337974999999999,0.654795,119895.66284489431,67108864,64.0,597170176,524288,0.0,0.0,1.0,triton_standalone,
fp8_e4m3,flashinfer,,2,4096,4,16,64,cache_write,0.0904095,0.120446,707890.2106742925,34603008,33.0,564140032,0,0.03884033486247063,0.0054931640625,1.9393939393939394,triton_standalone,fused_triton
fp8_e4m3,flashinfer,,2,4096,4,16,64,attention,0.309776,0.359236,206600.8987139094,34603008,33.0,564664320,524288,0.03884033486247063,0.0054931640625,1.9393939393939394,triton_standalone,fused_triton
fp8_e4m3,flashinfer,,2,4096,4,16,64,full_call,0.397583,0.463163,160972.68758669752,34603008,33.0,564664320,524288,0.03884033486247063,0.0054931640625,1.9393939393939394,triton_standalone,fused_triton
fp8_e5m2,flashinfer,,2,4096,4,16,64,cache_write,0.062025,0.150583,1031842.6697265487,34603008,33.0,564140032,0,0.07645705342292786,0.01220703125,1.9393939393939394,triton_standalone,fused_triton
fp8_e5m2,flashinfer,,2,4096,4,16,64,attention,0.261067,0.286348,245147.8782382075,34603008,33.0,564664320,524288,0.07645705342292786,0.01220703125,1.9393939393939394,triton_standalone,fused_triton
fp8_e5m2,flashinfer,,2,4096,4,16,64,full_call,0.3223415,0.371451,198547.19783470017,34603008,33.0,564664320,524288,0.07645705342292786,0.01220703125,1.9393939393939394,triton_standalone,fused_triton
bf16,flashinfer,,3,1024,1,1,1,cache_write,0.056969,0.108031,17553.406238480577,4194304,4.0,469915648,0,0.0,0.0,1.0,triton_standalone,
bf16,flashinfer,,3,1024,1,1,1,attention,0.081399,0.143274,12285.163208393224,4194304,4.0,469923840,8192,0.0,0.0,1.0,triton_standalone,
bf16,flashinfer,,3,1024,1,1,1,full_call,0.14027,0.228878,7129.108148570614,4194304,4.0,469923840,8192,0.0,0.0,1.0,triton_standalone,
fp8_e4m3,flashinfer,,3,1024,1,1,1,cache_write,0.056018,0.103425,17851.41912746398,2162688,2.0625,467884032,0,0.03749528527259827,0.00927734375,1.9393939393939394,triton_standalone,fused_triton
fp8_e4m3,flashinfer,,3,1024,1,1,1,attention,0.083502,0.163599,11975.761059615339,2162688,2.0625,467892224,8192,0.03749528527259827,0.00927734375,1.9393939393939394,triton_standalone,fused_triton
fp8_e4m3,flashinfer,,3,1024,1,1,1,full_call,0.1940855,0.325295,5153.002226967861,2162688,2.0625,467892224,8192,0.03749528527259827,0.00927734375,1.9393939393939394,triton_standalone,fused_triton
fp8_e5m2,flashinfer,,3,1024,1,1,1,cache_write,0.060122999999999996,0.130959,16632.673427678696,2162688,2.0625,467884032,0,0.07480024546384811,0.01416015625,1.9393939393939394,triton_standalone,fused_triton
fp8_e5m2,flashinfer,,3,1024,1,1,1,attention,0.124651,0.163399,8022.398536714506,2162688,2.0625,467892224,8192,0.07480024546384811,0.01416015625,1.9393939393939394,triton_standalone,fused_triton
fp8_e5m2,flashinfer,,3,1024,1,1,1,full_call,0.235786,0.265623,4241.13467242415,2162688,2.0625,467892224,8192,0.07480024546384811,0.01416015625,1.9393939393939394,triton_standalone,fused_triton
bf16,flashinfer,,3,1024,1,16,16,cache_write,0.086205,0.103926,185604.08328983237,4194304,4.0,470038016,0,0.0,0.0,1.0,triton_standalone,
bf16,flashinfer,,3,1024,1,16,16,attention,0.179668,0.190631,89053.14935956773,4194304,4.0,470169088,131072,0.0,0.0,1.0,triton_standalone,
bf16,flashinfer,,3,1024,1,16,16,full_call,0.2615675,0.349324,61169.73505755796,4194304,4.0,470169088,131072,0.0,0.0,1.0,triton_standalone,
fp8_e4m3,flashinfer,,3,1024,1,16,16,cache_write,0.061794,0.11179,258925.4927888958,2162688,2.0625,468006400,0,0.03791607916355133,0.0146484375,1.9393939393939394,triton_standalone,fused_triton
fp8_e4m3,flashinfer,,3,1024,1,16,16,attention,0.12528850000000002,0.167384,127705.25627056611,2162688,2.0625,468137472,131072,0.03791607916355133,0.0146484375,1.9393939393939394,triton_standalone,fused_triton
fp8_e4m3,flashinfer,,3,1024,1,16,16,full_call,0.1858825,0.21028,86075.90593235678,2162688,2.0625,468137472,131072,0.03791607916355133,0.0146484375,1.9393939393939394,triton_standalone,fused_triton
fp8_e5m2,flashinfer,,3,1024,1,16,16,cache_write,0.0588445,0.099791,271903.2668127221,2162688,2.0625,468006400,0,0.07531541585922241,0.0322265625,1.9393939393939394,triton_standalone,fused_triton
fp8_e5m2,flashinfer,,3,1024,1,16,16,attention,0.12533850000000002,0.151985,127654.3320330333,2162688,2.0625,468137472,131072,0.07531541585922241,0.0322265625,1.9393939393939394,triton_standalone,fused_triton
fp8_e5m2,flashinfer,,3,1024,1,16,16,full_call,0.183733,0.266775,87082.89302907418,2162688,2.0625,468137472,131072,0.07531541585922241,0.0322265625,1.9393939393939394,triton_standalone,fused_triton
bf16,flashinfer,,3,1024,4,1,4,cache_write,0.1360875,0.158085,29392.917664505694,16777216,16.0,495147520,16896,0.0,0.0,1.0,triton_standalone,
bf16,flashinfer,,3,1024,4,1,4,attention,0.089591,0.175383,44647.34180888705,16777216,16.0,495163392,32768,0.0,0.0,1.0,triton_standalone,
bf16,flashinfer,,3,1024,4,1,4,full_call,0.21962900000000002,0.434559,18212.532075956235,16777216,16.0,495163392,32768,0.0,0.0,1.0,triton_standalone,
fp8_e4m3,flashinfer,,3,1024,4,1,4,cache_write,0.241577,0.291372,16558.594038363633,8650752,8.25,487021056,16896,0.038377050310373306,0.009765625,1.9393939393939394,triton_standalone,fused_triton
fp8_e4m3,flashinfer,,3,1024,4,1,4,attention,0.1725835,0.218679,23177.186695330514,8650752,8.25,487036928,32768,0.038377050310373306,0.009765625,1.9393939393939394,triton_standalone,fused_triton
fp8_e4m3,flashinfer,,3,1024,4,1,4,full_call,0.2203295,0.274774,18154.628417414784,8650752,8.25,487036928,32768,0.038377050310373306,0.009765625,1.9393939393939394,triton_standalone,fused_triton
fp8_e5m2,flashinfer,,3,1024,4,1,4,cache_write,0.2132295,0.269675,18759.139765768352,8650752,8.25,487021056,16896,0.07546332478523254,0.021484375,1.9393939393939394,triton_standalone,fused_triton
fp8_e5m2,flashinfer,,3,1024,4,1,4,attention,0.093941,0.152285,42580.21874470874,8650752,8.25,487036928,32768,0.07546332478523254,0.021484375,1.9393939393939394,triton_standalone,fused_triton
fp8_e5m2,flashinfer,,3,1024,4,1,4,full_call,0.31702,0.384463,12671.25341482785,8650752,8.25,487036928,32768,0.07546332478523254,0.021484375,1.9393939393939394,triton_standalone,fused_triton
bf16,flashinfer,,3,1024,4,16,64,cache_write,0.058443999999999996,0.137787,1095130.2865635224,16777216,16.0,495884288,0,0.0,0.0,1.0,triton_standalone,
bf16,flashinfer,,3,1024,4,16,64,attention,0.156085,0.185683,410032.99484255374,16777216,16.0,496408576,524288,0.0,0.0,1.0,triton_standalone,
bf16,flashinfer,,3,1024,4,16,64,full_call,0.21707900000000002,0.267275,294823.60606690147,16777216,16.0,496408576,524288,0.0,0.0,1.0,triton_standalone,
fp8_e4m3,flashinfer,,3,1024,4,16,64,cache_write,0.09034149999999999,0.153385,708423.2519264889,8650752,8.25,487757824,0,0.03844146430492401,0.02734375,1.9393939393939394,triton_standalone,fused_triton
fp8_e4m3,flashinfer,,3,1024,4,16,64,attention,0.21198,0.239377,301915.2750259458,8650752,8.25,488282112,524288,0.03844146430492401,0.02734375,1.9393939393939394,triton_standalone,fused_triton
fp8_e4m3,flashinfer,,3,1024,4,16,64,full_call,0.22497899999999998,0.456957,284471.2198799971,8650752,8.25,488282112,524288,0.03844146430492401,0.02734375,1.9393939393939394,triton_standalone,fused_triton
fp8_e5m2,flashinfer,,3,1024,4,16,64,cache_write,0.055895,0.100791,1145004.025404777,8650752,8.25,487757824,0,0.07601310312747955,0.0322265625,1.9393939393939394,triton_standalone,fused_triton
fp8_e5m2,flashinfer,,3,1024,4,16,64,attention,0.158835,0.20638,402933.90211238107,8650752,8.25,488282112,524288,0.07601310312747955,0.0322265625,1.9393939393939394,triton_standalone,fused_triton
fp8_e5m2,flashinfer,,3,1024,4,16,64,full_call,0.220329,0.256076,290474.7141589174,8650752,8.25,488282112,524288,0.07601310312747955,0.0322265625,1.9393939393939394,triton_standalone,fused_triton
bf16,flashinfer,,3,4096,1,1,1,cache_write,0.0589445,0.10439,16965.1232128392,16777216,16.0,495106048,0,0.0,0.0,1.0,triton_standalone,
bf16,flashinfer,,3,4096,1,1,1,attention,0.0894915,0.139087,11174.245599092828,16777216,16.0,495114240,8192,0.0,0.0,1.0,triton_standalone,
bf16,flashinfer,,3,4096,1,1,1,full_call,0.149986,0.21268,6667.288946968383,16777216,16.0,495114240,8192,0.0,0.0,1.0,triton_standalone,
fp8_e4m3,flashinfer,,3,4096,1,1,1,cache_write,0.062144000000000005,0.091791,16091.668501449356,8650752,8.25,486979584,0,0.03688289597630501,0.00390625,1.9393939393939394,triton_standalone,fused_triton
fp8_e4m3,flashinfer,,3,4096,1,1,1,attention,0.090591,0.158585,11038.624145886457,8650752,8.25,486987776,8192,0.03688289597630501,0.00390625,1.9393939393939394,triton_standalone,fused_triton
fp8_e4m3,flashinfer,,3,4096,1,1,1,full_call,0.15128550000000002,0.234378,6610.044711687198,8650752,8.25,486987776,8192,0.03688289597630501,0.00390625,1.9393939393939394,triton_standalone,fused_triton
fp8_e5m2,flashinfer,,3,4096,1,1,1,cache_write,0.055995,0.067093,17858.73738726672,8650752,8.25,486979584,0,0.07411367446184158,0.0068359375,1.9393939393939394,triton_standalone,fused_triton
fp8_e5m2,flashinfer,,3,4096,1,1,1,attention,0.08934149999999999,0.10259,11193.01018568174,8650752,8.25,486987776,8192,0.07411367446184158,0.0068359375,1.9393939393939394,triton_standalone,fused_triton
fp8_e5m2,flashinfer,,3,4096,1,1,1,full_call,0.15378550000000002,0.249777,6502.563635782118,8650752,8.25,486987776,8192,0.07411367446184158,0.0068359375,1.9393939393939394,triton_standalone,fused_triton
bf16,flashinfer,,3,4096,1,16,16,cache_write,0.053434,0.063421,299434.81678332144,16777216,16.0,495228416,0,0.0,0.0,1.0,triton_standalone,
bf16,flashinfer,,3,4096,1,16,16,attention,0.148666,0.180475,107623.81317736136,16777216,16.0,495359488,131072,0.0,0.0,1.0,triton_standalone,
bf16,flashinfer,,3,4096,1,16,16,full_call,0.204896,0.257879,78088.40071441577,16777216,16.0,495359488,131072,0.0,0.0,1.0,triton_standalone,
fp8_e4m3,flashinfer,,3,4096,1,16,16,cache_write,0.054732,0.078602,292333.5525834978,8650752,8.25,487101952,0,0.03835581988096237,0.0052490234375,1.9393939393939394,triton_standalone,fused_triton
fp8_e4m3,flashinfer,,3,4096,1,16,16,attention,0.148815,0.202948,107516.04340960253,8650752,8.25,487233024,131072,0.03835581988096237,0.0052490234375,1.9393939393939394,triton_standalone,fused_triton
fp8_e4m3,flashinfer,,3,4096,1,16,16,full_call,0.207942,0.242898,76944.53261005472,8650752,8.25,487233024,131072,0.03835581988096237,0.0052490234375,1.9393939393939394,triton_standalone,fused_triton
fp8_e5m2,flashinfer,,3,4096,1,16,16,cache_write,0.091286,0.11226,175273.31682842932,8650752,8.25,487101952,0,0.07593663036823273,0.01171875,1.9393939393939394,triton_standalone,fused_triton
fp8_e5m2,flashinfer,,3,4096,1,16,16,attention,0.20020149999999998,0.243298,79919.60524791581,8650752,8.25,487233024,131072,0.07593663036823273,0.01171875,1.9393939393939394,triton_standalone,fused_triton
fp8_e5m2,flashinfer,,3,4096,1,16,16,full_call,0.214084,0.332087,74737.02319067979,8650752,8.25,487233024,131072,0.07593663036823273,0.01171875,1.9393939393939394,triton_standalone,fused_triton
bf16,flashinfer,,3,4096,4,1,4,cache_write,0.145519,0.200351,27487.819460001785,67108864,64.0,595909120,16896,0.0,0.0,1.0,triton_standalone,
bf16,flashinfer,,3,4096,4,1,4,attention,0.4262205,0.505671,9384.813855624674,67108864,64.0,595924992,32768,0.0,0.0,1.0,triton_standalone,
bf16,flashinfer,,3,4096,4,1,4,full_call,0.6418524999999999,0.712015,6231.962334662039,67108864,64.0,595924992,32768,0.0,0.0,1.0,triton_standalone,
fp8_e4m3,flashinfer,,3,4096,4,1,4,cache_write,0.143322,0.186469,27909.237864671253,34603008,33.0,563403264,16896,0.038913700729608536,0.004364013671875,1.9393939393939394,triton_standalone,fused_triton
fp8_e4m3,flashinfer,,3,4096,4,1,4,attention,0.122149,0.14432,32746.89109202695,34603008,33.0,563419136,32768,0.038913700729608536,0.004364013671875,1.9393939393939394,triton_standalone,fused_triton
fp8_e4m3,flashinfer,,3,4096,4,1,4,full_call,0.255033,0.302125,15684.24538686058,34603008,33.0,563419136,32768,0.038913700729608536,0.004364013671875,1.9393939393939394,triton_standalone,fused_triton
fp8_e5m2,flashinfer,,3,4096,4,1,4,cache_write,0.21381899999999998,0.401697,18707.476551813503,34603008,33.0,563403264,16896,0.07621623575687408,0.008544921875,1.9393939393939394,triton_standalone,fused_triton
fp8_e5m2,flashinfer,,3,4096,4,1,4,attention,0.180494,0.221901,22161.40148703004,34603008,33.0,563419136,32768,0.07621623575687408,0.008544921875,1.9393939393939394,triton_standalone,fused_triton
fp8_e5m2,flashinfer,,3,4096,4,1,4,full_call,0.583937,0.791819,6850.054080024087,34603008,33.0,563419136,32768,0.07621623575687408,0.008544921875,1.9393939393939394,triton_standalone,fused_triton
bf16,flashinfer,,3,4096,4,16,64,cache_write,0.059298,0.115477,1079294.4112786266,67108864,64.0,596645888,0,0.0,0.0,1.0,triton_standalone,
bf16,flashinfer,,3,4096,4,16,64,attention,0.4820405,0.592886,132768.95029177592,67108864,64.0,597170176,524288,0.0,0.0,1.0,triton_standalone,
bf16,flashinfer,,3,4096,4,16,64,full_call,0.5369094999999999,0.601543,119200.72190947543,67108864,64.0,597170176,524288,0.0,0.0,1.0,triton_standalone,
fp8_e4m3,flashinfer,,3,4096,4,16,64,cache_write,0.056254,0.090911,1137697.0819708775,34603008,33.0,564140032,0,0.03884033486247063,0.0054931640625,1.9393939393939394,triton_standalone,fused_triton
fp8_e4m3,flashinfer,,3,4096,4,16,64,attention,0.25439,0.318767,251582.37334449543,34603008,33.0,564664320,524288,0.03884033486247063,0.0054931640625,1.9393939393939394,triton_standalone,fused_triton
fp8_e4m3,flashinfer,,3,4096,4,16,64,full_call,0.315699,0.354979,202724.75239188032,34603008,33.0,564664320,524288,0.03884033486247063,0.0054931640625,1.9393939393939394,triton_standalone,fused_triton
fp8_e5m2,flashinfer,,3,4096,4,16,64,cache_write,0.063522,0.126038,1007525.5762196302,34603008,33.0,564140032,0,0.07645705342292786,0.01220703125,1.9393939393939394,triton_standalone,fused_triton
fp8_e5m2,flashinfer,,3,4096,4,16,64,attention,0.2560495,0.310116,249951.75585517997,34603008,33.0,564664320,524288,0.07645705342292786,0.01220703125,1.9393939393939394,triton_standalone,fused_triton
fp8_e5m2,flashinfer,,3,4096,4,16,64,full_call,0.332899,0.393806,192250.5067415643,34603008,33.0,564664320,524288,0.07645705342292786,0.01220703125,1.9393939393939394,triton_standalone,fused_triton
