format,context,batch,query_tokens,stage,p50_ms,p95_ms,cache_tensor_bytes,quantization_relative_l2
bf16,129,1,1,attention_only,9.90707,11.033302,528384,0.0016558630159124732
int8,129,1,1,write_only,0.475073,0.66277,540672,0.008728159591555595
int8,129,1,1,prepare_only,0.01794,0.028049,540672,0.008728159591555595
int8,129,1,1,execute_including_write,2.54888,2.581139,540672,0.008728159591555595
int8,129,1,1,prepare_execute,1.855534,2.06619,540672,0.008728159591555595
fp8_e4m3,129,1,1,write_only,0.406019,0.91738,540672,0.03452165052294731
fp8_e4m3,129,1,1,prepare_only,0.017349,0.020668,540672,0.03452165052294731
fp8_e4m3,129,1,1,execute_including_write,5.924516,5.991134,540672,0.03452165052294731
fp8_e4m3,129,1,1,prepare_execute,6.737231,7.910277,540672,0.03452165052294731
fp8_e5m2,129,1,1,write_only,0.298845,1.698351,540672,0.07216620445251465
fp8_e5m2,129,1,1,prepare_only,0.020739,0.023536,540672,0.07216620445251465
fp8_e5m2,129,1,1,execute_including_write,3.158223,3.248625,540672,0.07216620445251465
fp8_e5m2,129,1,1,prepare_execute,5.100101,5.173904,540672,0.07216620445251465
int4,129,1,1,write_only,0.597252,0.755854,278528,0.1611931174993515
int4,129,1,1,prepare_only,0.015454,0.020754,278528,0.1611931174993515
int4,129,1,1,execute_including_write,9.276253,11.52706,278528,0.1611931174993515
int4,129,1,1,prepare_execute,10.492288,10.924526,278528,0.1611931174993515
